Workbook
Name Projects: #REF!
Name Projects: #REF!
Name Projects: #REF!
Name Projects: #REF!
Name Projects: #REF!
Name Projects: #REF!
Name Projects: #REF!
Name Projects: #REF!
Name Projects: #REF!
Name Projects: #REF!
Name Projects: #REF!
Name Projects: #REF!
Name Projects: #REF!
Name Projects: #REF!
Name ValidProjects: #REF!
Name ValidProjects: #REF!
Name ValidProjects: #REF!
Name ValidProjects: #REF!
Name ValidProjects: #REF!
Name ValidProjects: #REF!
Name ValidProjects: #REF!
Name ValidProjects: #REF!
Name ValidProjects: #REF!
Name ValidProjects: #REF!
Name ValidProjects: #REF!
Name ValidProjects: #REF!
Name ValidProjects: #REF!
Name ValidProjects: #REF!

Sheet JAN 
B2: MONTHLY TIME RECORD
B3: Name: | D3: ='Yearly Info'!A45 -> Don Woods
B4: Month: | D4: ='Yearly Info'!D1 -> 46023 | J4: Year: | L4: ='Yearly Info'!B1 -> 2026
A6: Project No. & Description | B6: Day of the Month | AI6: Total Hours
B7: =IF(WEEKDAY(D$4,2)>5,D$4+8 - WEEKDAY(D$4,2),D$4-(WEEKDAY(D$4,2)-1)) -> 46020 | C7: =B7+1 -> 46021 | D7: =C7+1 -> 46022 | E7: =D7+1 -> 46023 | F7: =E7+1 -> 46024 | G7: =F7+1 -> 46025 | H7: =G7+1 -> 46026 | I7: =H7+1 -> 46027 | J7: =I7+1 -> 46028 | ... AH7: =AG7+1 -> 46052 | AI7: Hours
B8: =HYPERLINK("#'"&UPPER(LEFT(TEXT($D$4,"mmmm"),3))&"-DEQ'!E8",TEXT(WEEKDAY(B7),"ddd")) -> Mon | C8: =HYPERLINK("#'"&UPPER(LEFT(TEXT($D$4,"mmmm"),3))&"-DEQ'!E15",TEXT(WEEKDAY(C7),"ddd")) -> Tue | D8: =HYPERLINK("#'"&UPPER(LEFT(TEXT($D$4,"mmmm"),3))&"-DEQ'!E22",TEXT(WEEKDAY(D7),"ddd")) -> Wed | E8: =HYPERLINK("#'"&UPPER(LEFT(TEXT($D$4,"mmmm"),3))&"-DEQ'!E29",TEXT(WEEKDAY(E7),"ddd")) -> Thu | F8: =HYPERLINK("#'"&UPPER(LEFT(TEXT($D$4,"mmmm"),3))&"-DEQ'!E36",TEXT(WEEKDAY(F7),"ddd")) -> Fri | G8: =LEFT(TEXT(WEEKDAY(G7),"ddd"),1) -> S | H8: =LEFT(TEXT(WEEKDAY(H7),"ddd"),1) -> S | I8: =HYPERLINK("#'"&UPPER(LEFT(TEXT($D$4,"mmmm"),3))&"-DEQ'!E43",TEXT(WEEKDAY(I7),"ddd")) -> Mon | J8: =HYPERLINK("#'"&UPPER(LEFT(TEXT($D$4,"mmmm"),3))&"-DEQ'!E50",TEXT(WEEKDAY(J7),"ddd")) -> Tue | K8: =HYPERLINK("#'"&UPPER(LEFT(TEXT($D$4,"mmmm"),3))&"-DEQ'!E57",TEXT(WEEKDAY(K7),"ddd")) -> Wed | L8: =HYPERLINK("#'"&UPPER(LEFT(TEXT($D$4,"mmmm"),3))&"-DEQ'!E64",TEXT(WEEKDAY(L7),"ddd")) -> Thu | M8: =HYPERLINK("#'"&UPPER(LEFT(TEXT($D$4,"mmmm"),3))&"-DEQ'!E71",TEXT(WEEKDAY(M7),"ddd")) -> Fri | N8: =LEFT(TEXT(WEEKDAY(N7),"ddd"),1) -> S | O8: =LEFT(TEXT(WEEKDAY(O7),"ddd"),1) -> S | P8: =HYPERLINK("#'"&UPPER(LEFT(TEXT($D$4,"mmmm"),3))&"-DEQ'!E78",TEXT(WEEKDAY(P7),"ddd")) -> Mon | Q8: =HYPERLINK("#'"&UPPER(LEFT(TEXT($D$4,"mmmm"),3))&"-DEQ'!E85",TEXT(WEEKDAY(Q7),"ddd")) -> Tue | R8: =HYPERLINK("#'"&UPPER(LEFT(TEXT($D$4,"mmmm"),3))&"-DEQ'!E92",TEXT(WEEKDAY(R7),"ddd")) -> Wed | S8: =HYPERLINK("#'"&UPPER(LEFT(TEXT($D$4,"mmmm"),3))&"-DEQ'!E99",TEXT(WEEKDAY(S7),"ddd")) -> Thu | T8: =HYPERLINK("#'"&UPPER(LEFT(TEXT($D$4,"mmmm"),3))&"-DEQ'!E106",TEXT(WEEKDAY(T7),"ddd")) -> Fri | U8: =LEFT(TEXT(WEEKDAY(U7),"ddd"),1) -> S | V8: =LEFT(TEXT(WEEKDAY(V7),"ddd"),1) -> S | W8: =HYPERLINK("#'"&UPPER(LEFT(TEXT($D$4,"mmmm"),3))&"-DEQ'!E113",TEXT(WEEKDAY(W7),"ddd")) -> Mon | X8: =HYPERLINK("#'"&UPPER(LEFT(TEXT($D$4,"mmmm"),3))&"-DEQ'!E120",TEXT(WEEKDAY(X7),"ddd")) -> Tue | Y8: =HYPERLINK("#'"&UPPER(LEFT(TEXT($D$4,"mmmm"),3))&"-DEQ'!E127",TEXT(WEEKDAY(Y7),"ddd")) -> Wed | Z8: =HYPERLINK("#'"&UPPER(LEFT(TEXT($D$4,"mmmm"),3))&"-DEQ'!E134",TEXT(WEEKDAY(Z7),"ddd")) -> Thu | AA8: =HYPERLINK("#'"&UPPER(LEFT(TEXT($D$4,"mmmm"),3))&"-DEQ'!E141",TEXT(WEEKDAY(AA7),"ddd")) -> Fri | AB8: =LEFT(TEXT(WEEKDAY(AB7),"ddd"),1) -> S | AC8: =LEFT(TEXT(WEEKDAY(AC7),"ddd"),1) -> S | AD8: =HYPERLINK("#'"&UPPER(LEFT(TEXT($D$4,"mmmm"),3))&"-DEQ'!E149",TEXT(WEEKDAY(AD7),"ddd")) -> Mon | AE8: =HYPERLINK("#'"&UPPER(LEFT(TEXT($D$4,"mmmm"),3))&"-DEQ'!E155",TEXT(WEEKDAY(AE7),"ddd")) -> Tue | AF8: =HYPERLINK("#'"&UPPER(LEFT(TEXT($D$4,"mmmm"),3))&"-DEQ'!E162",TEXT(WEEKDAY(AF7),"ddd")) -> Wed | AG8: =HYPERLINK("#'"&UPPER(LEFT(TEXT($D$4,"mmmm"),3))&"-DEQ'!E169",TEXT(WEEKDAY(AG7),"ddd")) -> Thu | AH8: =HYPERLINK("#'"&UPPER(LEFT(TEXT($D$4,"mmmm"),3))&"-DEQ'!E176",TEXT(WEEKDAY(AH7),"ddd")) -> Fri
A9: Hours
A10: ='Yearly Info'!A13 -> Enter Job #s on Yearly Info Tab
A11: ='Yearly Info'!A14 -> RICS Support for MDEQ | F11: 0.5 | J11: 0.5 | K11: 0.25 | L11: 0.5 | M11: 0.5 | T11: 0.5 | AD11: 0.25 | AI11: =SUM(B11:AH11) -> 3
A12: ='Yearly Info'!#REF! -> #REF! | E12: 0.25 | I12: 1.5 | Q12: 0.25 | X12: 1.75 | AI12: =SUM(B12:AH12) -> 3.75
A13: ='Yearly Info'!A15 -> MDEQ | C13: 1.5 | D13: 0.5 | E13: 0.25 | M13: 0.75 | Q13: 0.25 | R13: 0.5 | S13: 0.75 | T13: 0.75 | W13: 0.75 | Y13: 2.75 | Z13: 0.25 | AA13: 0.25 | AD13: 0.75 | AE13: 0.5 | AI13: =SUM(B13:AH13) -> 10.5
A14: ='Yearly Info'!A16 -> RICS Idea Portal | E14: 1 | K14: 1.5 | L14: 0.75 | M14: 0.25 | S14: 1 | T14: 0.25 | Z14: 1 | AI14: =SUM(B14:AH14) -> 5.75
A15: ='Yearly Info'!A17 -> MSWIS | C15: 1 | D15: 0.75 | E15: 1 | F15: 0.25 | M15: 0.75 | Q15: 0.75 | T15: 1.5 | AA15: 1.25 | AD15: 0.25 | AE15: 0.5 | AI15: =SUM(B15:AH15) -> 8
A16: ='Yearly Info'!A18 -> GeoSpatial | C16: 1.75 | D16: 1 | E16: 1.5 | F16: 4.75 | I16: 0.5 | J16: 1.5 | M16: 3.5 | Q16: 3.25 | R16: 0.5 | S16: 0.25 | T16: 2 | W16: 1.5 | X16: 1.5 | Z16: 0.75 | AA16: 2.5 | AD16: 0.75 | AE16: 1.25 | AI16: =SUM(B16:AH16) -> 28.75
A17: ='Yearly Info'!A19 -> RICS Dashboard | C17: 2.75 | D17: 1.75 | E17: 2.25 | F17: 1.75 | I17: 0.75 | J17: 3.75 | K17: 1.5 | L17: 1.25 | M17: 0.5 | Q17: 1.5 | R17: 2.5 | S17: 4.75 | T17: 2.75 | W17: 2.75 | X17: 1.25 | Y17: 1 | Z17: 0.5 | AA17: 0.75 | AD17: 1.75 | AE17: 2.25 | AI17: =SUM(B17:AH17) -> 38
A18: ='Yearly Info'!A20 -> MDWFP NRIS | I18: 1 | M18: 0.5 | Z18: 1 | AA18: 0.5 | AI18: =SUM(B18:AH18) -> 3
A19: ='Yearly Info'!A21 -> MSWIS MRVA 4 CLOSED | C19: 0.25 | E19: 0.25 | J19: 1 | K19: 0.25 | M19: 0.25 | S19: 0.5 | W19: 2.5 | X19: 0.75 | Y19: 2.25 | Z19: 0.5 | AA19: 1 | AD19: 1 | AE19: 0.5 | AI19: =SUM(B19:AH19) -> 11
A20: ='Yearly Info'!A22 -> Tackett | AI20: =SUM(B20:AH20) -> 0
A21: ='Yearly Info'!A23 -> 0 | D21: 1.25 | E21: 0.5 | F21: 0.5 | I21: 0.75 | J21: 0.5 | W21: 0.5 | X21: 1 | Y21: 1.5 | Z21: 2.25 | AI21: =SUM(B21:AH21) -> 8.75
A22: ='Yearly Info'!#REF! -> #REF! | C22: 0.25 | D22: 1.5 | M22: 0.25 | R22: 2 | S22: 0.75 | AD22: 0.25 | AE22: 0.25 | AI22: =SUM(B22:AH22) -> 5.25
A23: ='Yearly Info'!A24 -> 0 | D23: 1.25 | E23: 0.25 | F23: 0.25 | T23: 0.25 | X23: 1 | AA23: 0.25 | AD23: 0.5 | AE23: 1.5 | AI23: =SUM(B23:AH23) -> 5.25
A24: ='Yearly Info'!A25 -> 0 | M24: 0.5 | AE24: 0.5 | AI24: =SUM(B24:AH24) -> 1
A25: ='Yearly Info'!A26 -> 0 | M25: 0.25 | Z25: 1.75 | AA25: 1.5 | AD25: 2.5 | AE25: 0.75 | AI25: =SUM(B25:AH25) -> 6.75
A26: ='Yearly Info'!A27 -> 0 | C26: 0.5 | E26: 0.75 | J26: 0.75 | X26: 0.75 | AI26: =SUM(B26:AH26) -> 2.75
A27: ='Yearly Info'!A28 -> 0 | Y27: 0.5 | AI27: =SUM(B27:AH27) -> 0.5
A28: ='Yearly Info'!A29 -> 0 | AI28: =SUM(B28:AH28) -> 0
A29: ='Yearly Info'!A30 -> 0 | AI29: =SUM(B29:AH29) -> 0
A30: ='Yearly Info'!A31 -> 0 | AI30: =SUM(B30:AH30) -> 0
A31: ='Yearly Info'!A32 -> 0 | AI31: =SUM(B31:AH31) -> 0
A32: ='Yearly Info'!A33 -> 0 | AI32: =SUM(B32:AH32) -> 0
A33: Total | B33: =SUM(B9:B32) -> 0 | C33: =SUM(C9:C32) -> 8 | D33: =SUM(D9:D32) -> 8 | E33: =SUM(E9:E32) -> 8 | F33: =SUM(F9:F32) -> 8 | G33: =SUM(G9:G32) -> 0 | H33: =SUM(H9:H32) -> 0 | I33: =SUM(I9:I32) -> 4.5 | ... AH33: =SUM(AH9:AH32) -> 0 | AI33: =SUM(AI11:AI32) -> 142
A34: Leave - Holiday | B34: =IF(B7<$D$4,0, IF(B7='Yearly Info'!$C2, 8, IF(B7='Yearly Info'!$C3, 8, IF(B7='Yearly Info'!$C4, 8, IF(B7='Yearly Info'!$C5, 8, IF(B7='Yearly Info'!$C6, 8, IF(B7='Yearly Info'!$C7, 8, IF(B7='Yearly Info'!$C8, 8, IF(B7='Yearly Info'!$C9, 8, IF(B7='Yearly Info'!$C10, 8, IF(B7='Yearly Info'!$C11,8,0))))))))))) -> 0 | C34: =IF(C7<$D$4,0, IF(C7='Yearly Info'!$C2, 8, IF(C7='Yearly Info'!$C3, 8, IF(C7='Yearly Info'!$C4, 8, IF(C7='Yearly Info'!$C5, 8, IF(C7='Yearly Info'!$C6, 8, IF(C7='Yearly Info'!$C7, 8, IF(C7='Yearly Info'!$C8, 8, IF(C7='Yearly Info'!$C9, 8, IF(C7='Yearly Info'!$C10, 8, IF(C7='Yearly Info'!$C11,8,0))))))))))) -> 0 | D34: =IF(D7<$D$4,0, IF(D7='Yearly Info'!$C2, 8, IF(D7='Yearly Info'!$C3, 8, IF(D7='Yearly Info'!$C4, 8, IF(D7='Yearly Info'!$C5, 8, IF(D7='Yearly Info'!$C6, 8, IF(D7='Yearly Info'!$C7, 8, IF(D7='Yearly Info'!$C8, 8, IF(D7='Yearly Info'!$C9, 8, IF(D7='Yearly Info'!$C10, 8, IF(D7='Yearly Info'!$C11,8,0))))))))))) -> 0 | E34: =IF(E7<$D$4,0, IF(E7='Yearly Info'!$C2, 8, IF(E7='Yearly Info'!$C3, 8, IF(E7='Yearly Info'!$C4, 8, IF(E7='Yearly Info'!$C5, 8, IF(E7='Yearly Info'!$C6, 8, IF(E7='Yearly Info'!$C7, 8, IF(E7='Yearly Info'!$C8, 8, IF(E7='Yearly Info'!$C9, 8, IF(E7='Yearly Info'!$C10, 8, IF(E7='Yearly Info'!$C11,8,0))))))))))) -> 8 | F34: =IF(F7<$D$4,0, IF(F7='Yearly Info'!$C2, 8, IF(F7='Yearly Info'!$C3, 8, IF(F7='Yearly Info'!$C4, 8, IF(F7='Yearly Info'!$C5, 8, IF(F7='Yearly Info'!$C6, 8, IF(F7='Yearly Info'!$C7, 8, IF(F7='Yearly Info'!$C8, 8, IF(F7='Yearly Info'!$C9, 8, IF(F7='Yearly Info'!$C10, 8, IF(F7='Yearly Info'!$C11,8,0))))))))))) -> 0 | G34: =IF(G7='Yearly Info'!$C2, 8, IF(G7='Yearly Info'!$C3, 8, IF(G7='Yearly Info'!$C4, 8, IF(G7='Yearly Info'!$C5, 8, IF(G7='Yearly Info'!$C6, 8, IF(G7='Yearly Info'!$C7, 8, IF(G7='Yearly Info'!$C8, 8, IF(G7='Yearly Info'!$C9, 8, IF(G7='Yearly Info'!$C10, 8, IF(G7='Yearly Info'!$C11,8,0)))))))))) -> 0 | H34: =IF(H7='Yearly Info'!$C2, 8, IF(H7='Yearly Info'!$C3, 8, IF(H7='Yearly Info'!$C4, 8, IF(H7='Yearly Info'!$C5, 8, IF(H7='Yearly Info'!$C6, 8, IF(H7='Yearly Info'!$C7, 8, IF(H7='Yearly Info'!$C8, 8, IF(H7='Yearly Info'!$C9, 8, IF(H7='Yearly Info'!$C10, 8, IF(H7='Yearly Info'!$C11,8,0)))))))))) -> 0 | I34: =IF(I7='Yearly Info'!$C2, 8, IF(I7='Yearly Info'!$C3, 8, IF(I7='Yearly Info'!$C4, 8, IF(I7='Yearly Info'!$C5, 8, IF(I7='Yearly Info'!$C6, 8, IF(I7='Yearly Info'!$C7, 8, IF(I7='Yearly Info'!$C8, 8, IF(I7='Yearly Info'!$C9, 8, IF(I7='Yearly Info'!$C10, 8, IF(I7='Yearly Info'!$C11,8,0)))))))))) -> 0 | J34: =IF(J7='Yearly Info'!$C2, 8, IF(J7='Yearly Info'!$C3, 8, IF(J7='Yearly Info'!$C4, 8, IF(J7='Yearly Info'!$C5, 8, IF(J7='Yearly Info'!$C6, 8, IF(J7='Yearly Info'!$C7, 8, IF(J7='Yearly Info'!$C8, 8, IF(J7='Yearly Info'!$C9, 8, IF(J7='Yearly Info'!$C10, 8, IF(J7='Yearly Info'!$C11,8,0)))))))))) -> 0 | K34: =IF(K7='Yearly Info'!$C2, 8, IF(K7='Yearly Info'!$C3, 8, IF(K7='Yearly Info'!$C4, 8, IF(K7='Yearly Info'!$C5, 8, IF(K7='Yearly Info'!$C6, 8, IF(K7='Yearly Info'!$C7, 8, IF(K7='Yearly Info'!$C8, 8, IF(K7='Yearly Info'!$C9, 8, IF(K7='Yearly Info'!$C10, 8, IF(K7='Yearly Info'!$C11,8,0)))))))))) -> 0 | L34: =IF(L7='Yearly Info'!$C2, 8, IF(L7='Yearly Info'!$C3, 8, IF(L7='Yearly Info'!$C4, 8, IF(L7='Yearly Info'!$C5, 8, IF(L7='Yearly Info'!$C6, 8, IF(L7='Yearly Info'!$C7, 8, IF(L7='Yearly Info'!$C8, 8, IF(L7='Yearly Info'!$C9, 8, IF(L7='Yearly Info'!$C10, 8, IF(L7='Yearly Info'!$C11,8,0)))))))))) -> 0 | M34: =IF(M7='Yearly Info'!$C2, 8, IF(M7='Yearly Info'!$C3, 8, IF(M7='Yearly Info'!$C4, 8, IF(M7='Yearly Info'!$C5, 8, IF(M7='Yearly Info'!$C6, 8, IF(M7='Yearly Info'!$C7, 8, IF(M7='Yearly Info'!$C8, 8, IF(M7='Yearly Info'!$C9, 8, IF(M7='Yearly Info'!$C10, 8, IF(M7='Yearly Info'!$C11,8,0)))))))))) -> 0 | N34: =IF(N7='Yearly Info'!$C2, 8, IF(N7='Yearly Info'!$C3, 8, IF(N7='Yearly Info'!$C4, 8, IF(N7='Yearly Info'!$C5, 8, IF(N7='Yearly Info'!$C6, 8, IF(N7='Yearly Info'!$C7, 8, IF(N7='Yearly Info'!$C8, 8, IF(N7='Yearly Info'!$C9, 8, IF(N7='Yearly Info'!$C10, 8, IF(N7='Yearly Info'!$C11,8,0)))))))))) -> 0 | ... AA34: =IF(AA7='Yearly Info'!$C2, 8, IF(AA7='Yearly Info'!$C3, 8, IF(AA7='Yearly Info'!$C4, 8, IF(AA7='Yearly Info'!$C5, 8, IF(AA7='Yearly Info'!$C6, 8, IF(AA7='Yearly Info'!$C7, 8, IF(AA7='Yearly Info'!$C8, 8, IF(AA7='Yearly Info'!$C9, 8, IF(AA7='Yearly Info'!$C10, 8, IF(AA7='Yearly Info'!$C11,8,0)))))))))) -> 0 | AB34: =IF(AB7>EOMONTH($D$4,0),0, IF(AB7='Yearly Info'!$C2, 8, IF(AB7='Yearly Info'!$C3, 8, IF(AB7='Yearly Info'!$C4, 8, IF(AB7='Yearly Info'!$C5, 8, IF(AB7='Yearly Info'!$C6, 8, IF(AB7='Yearly Info'!$C7, 8, IF(AB7='Yearly Info'!$C8, 8, IF(AB7='Yearly Info'!$C9, 8, IF(AB7='Yearly Info'!$C10, 8, IF(AB7='Yearly Info'!$C11,8,0))))))))))) -> 0 | AC34: =IF(AC7>EOMONTH($D$4,0),0, IF(AC7='Yearly Info'!$C2, 8, IF(AC7='Yearly Info'!$C3, 8, IF(AC7='Yearly Info'!$C4, 8, IF(AC7='Yearly Info'!$C5, 8, IF(AC7='Yearly Info'!$C6, 8, IF(AC7='Yearly Info'!$C7, 8, IF(AC7='Yearly Info'!$C8, 8, IF(AC7='Yearly Info'!$C9, 8, IF(AC7='Yearly Info'!$C10, 8, IF(AC7='Yearly Info'!$C11,8,0))))))))))) -> 0 | AE34: =IF(AE7>EOMONTH($D$4,0),0, IF(AE7='Yearly Info'!$C2, 8, IF(AE7='Yearly Info'!$C3, 8, IF(AE7='Yearly Info'!$C4, 8, IF(AE7='Yearly Info'!$C5, 8, IF(AE7='Yearly Info'!$C6, 8, IF(AE7='Yearly Info'!$C7, 8, IF(AE7='Yearly Info'!$C8, 8, IF(AE7='Yearly Info'!$C9, 8, IF(AE7='Yearly Info'!$C10, 8, IF(AE7='Yearly Info'!$C11,8,0))))))))))) -> 0 | AF34: =IF(AF7>EOMONTH($D$4,0),0, IF(AF7='Yearly Info'!$C2, 8, IF(AF7='Yearly Info'!$C3, 8, IF(AF7='Yearly Info'!$C4, 8, IF(AF7='Yearly Info'!$C5, 8, IF(AF7='Yearly Info'!$C6, 8, IF(AF7='Yearly Info'!$C7, 8, IF(AF7='Yearly Info'!$C8, 8, IF(AF7='Yearly Info'!$C9, 8, IF(AF7='Yearly Info'!$C10, 8, IF(AF7='Yearly Info'!$C11,8,0))))))))))) -> 0 | AG34: =IF(AG7>EOMONTH($D$4,0),0, IF(AG7='Yearly Info'!$C2, 8, IF(AG7='Yearly Info'!$C3, 8, IF(AG7='Yearly Info'!$C4, 8, IF(AG7='Yearly Info'!$C5, 8, IF(AG7='Yearly Info'!$C6, 8, IF(AG7='Yearly Info'!$C7, 8, IF(AG7='Yearly Info'!$C8, 8, IF(AG7='Yearly Info'!$C9, 8, IF(AG7='Yearly Info'!$C10, 8, IF(AG7='Yearly Info'!$C11,8,0))))))))))) -> 0 | AH34: =IF(AH7>EOMONTH($D$4,0),0, IF(AH7='Yearly Info'!$C2, 8, IF(AH7='Yearly Info'!$C3, 8, IF(AH7='Yearly Info'!$C4, 8, IF(AH7='Yearly Info'!$C5, 8, IF(AH7='Yearly Info'!$C6, 8, IF(AH7='Yearly Info'!$C7, 8, IF(AH7='Yearly Info'!$C8, 8, IF(AH7='Yearly Info'!$C9, 8, IF(AH7='Yearly Info'!$C10, 8, IF(AH7='Yearly Info'!$C11,8,0))))))))))) -> 0 | AI34: =SUM(B34:AH34) -> 16
B35: Leave - Personal | AI35: =IF(SUM(B39:AH39)-AI33-AI34>0,SUM(B39:AH39)-AI33-AI34,0) -> 18
B36: Extended Work Week (Extra Hours) | AI36: =IF(SUM(B39:AH39)-AI33-AI34<0,(SUM(B39:AH39)-AI33-AI34)*-1,0) -> 0
A37: Daily Total | B37: =SUM(B36,B34,B33) -> 0 | C37: =SUM(C36,C34,C33) -> 8 | D37: =SUM(D36,D34,D33) -> 8 | E37: =SUM(E36,E34,E33) -> 16 | F37: =SUM(F36,F34,F33) -> 8 | G37: =SUM(G36,G34,G33) -> 0 | H37: =SUM(H36,H34,H33) -> 0 | I37: =SUM(I36,I34,I33) -> 4.5 | ... AH37: =SUM(AH36,AH34,AH33) -> 0 | AI37: =SUM(B37:AH37) -> 158
A38: Weekly Total | B38: =IF(B8="Sun",SUM(B37),"") | C38: =IF(C8="Sun",SUM(B37,C37),"") | D38: =IF(D8="Sun",SUM(B37,C37,D37),"") | E38: =IF(E8="Sun",SUM(B37,C37,D37,E37),"") | F38: =SUM(B37:H37) -> 40 | I38: =IF(I8="Sun",SUM(C37,D37,E37,F37,G37,H37,I37),"") | J38: =IF(J8="Sun",SUM(D37,E37,F37,G37,H37,I37,J37),"") | K38: =IF(K8="Sun",SUM(E37,F37,G37,H37,I37,J37,K37),"") | L38: =IF(L8="Sun",SUM(F37,G37,H37,I37,J37,K37,L37),"") | M38: =SUM(I37:O37) -> 26.5 | P38: =IF(P8="Sun",SUM(J37,K37,L37,M37,N37,O37,P37),"") | Q38: =IF(Q8="Sun",SUM(K37,L37,M37,N37,O37,P37,Q37),"") | R38: =IF(R8="Sun",SUM(L37,M37,N37,O37,P37,Q37,R37),"") | S38: =IF(S8="Sun",SUM(M37,N37,O37,P37,Q37,R37,S37),"") | T38: =SUM(P37:V37) -> 27.5 | W38: =IF(W8="Sun",SUM(Q37,R37,S37,T37,U37,V37,W37),"") | X38: =IF(X8="Sun",SUM(R37,S37,T37,U37,V37,W37,X37),"") | Y38: =IF(Y8="Sun",SUM(S37,T37,U37,V37,W37,X37,Y37),"") | Z38: =IF(Z8="Sun",SUM(T37,U37,V37,W37,X37,Y37,Z37),"") | AA38: =SUM(W37:AC37) -> 48 | AD38: =IF(AD8="Sun",SUM(X37,Y37,Z37,AA37,AB37,AC37,AD37),"") | AE38: =IF(AE8="Sun",SUM(Y37,Z37,AA37,AB37,AC37,AD37,AE37),"") | AF38: =IF(AF8="Sun",SUM(Z37,AA37,AB37,AC37,AD37,AE37,AF37),"") | AG38: =IF(AG8="Sun",SUM(AA37,AB37,AC37,AD37,AE37,AF37,AG37),"") | AH38: =SUM(AD37:AH37) -> 16 | AI38: =SUM(B38:AH38) -> 158
B39: =IF(B7>=$D$4,IF(B7<=EOMONTH($D$4,0), IF(B8="S",0,IF(B8="S",0,8)),0),0) -> 0 | C39: =IF(C7>=$D$4,IF(C7<=EOMONTH($D$4,0), IF(C8="S",0,IF(C8="S",0,8)),0),0) -> 0 | D39: =IF(D7>=$D$4,IF(D7<=EOMONTH($D$4,0), IF(D8="S",0,IF(D8="S",0,8)),0),0) -> 0 | E39: =IF(E7>=$D$4,IF(E7<=EOMONTH($D$4,0), IF(E8="S",0,IF(E8="S",0,8)),0),0) -> 8 | F39: =IF(F7>=$D$4,IF(F7<=EOMONTH($D$4,0), IF(F8="S",0,IF(F8="S",0,8)),0),0) -> 8 | G39: =IF(G7>=$D$4,IF(G7<=EOMONTH($D$4,0), IF(G8="S",0,IF(G8="S",0,8)),0),0) -> 0 | H39: =IF(H7>=$D$4,IF(H7<=EOMONTH($D$4,0), IF(H8="S",0,IF(H8="S",0,8)),0),0) -> 0 | I39: =IF(I7>=$D$4,IF(I7<=EOMONTH($D$4,0), IF(I8="S",0,IF(I8="S",0,8)),0),0) -> 8 | ... AH39: =IF(AH7>=$D$4,IF(AH7<=EOMONTH($D$4,0), IF(AH8="S",0,IF(AH8="S",0,8)),0),0) -> 8 | AI39: =SUM(B39:AH39) -> 176
B44: MONTHLY TIME RECORD For MDEQ
B45: Name: | D45: =D3 -> Don Woods
B46: Month: | D46: =D4 -> 46023 | J46: Year: | L46: =L4 -> 2026
A48: Project No. & Description | B48: Day of the Month | AI48: Total Hours
B49: =IF(WEEKDAY(D$4,2)>5,D$4+8 - WEEKDAY(D$4,2),D$4-(WEEKDAY(D$4,2)-1)) -> 46020 | C49: =B49+1 -> 46021 | D49: =C49+1 -> 46022 | E49: =D49+1 -> 46023 | F49: =E49+1 -> 46024 | G49: =F49+1 -> 46025 | H49: =G49+1 -> 46026 | I49: =H49+1 -> 46027 | J49: =I49+1 -> 46028 | ... AH49: =AG49+1 -> 46052 | AI49: Hours
B50: =TEXT(WEEKDAY(B49),"ddd") -> Mon | C50: =TEXT(WEEKDAY(C49),"ddd") -> Tue | D50: =TEXT(WEEKDAY(D49),"ddd") -> Wed | E50: =TEXT(WEEKDAY(E49),"ddd") -> Thu | F50: =TEXT(WEEKDAY(F49),"ddd") -> Fri | G50: =LEFT(TEXT(WEEKDAY(G49),"ddd"),1) -> S | H50: =LEFT(TEXT(WEEKDAY(H49),"ddd"),1) -> S | I50: =TEXT(WEEKDAY(I49),"ddd") -> Mon | J50: =TEXT(WEEKDAY(J49),"ddd") -> Tue | K50: =TEXT(WEEKDAY(K49),"ddd") -> Wed | L50: =TEXT(WEEKDAY(L49),"ddd") -> Thu | M50: =TEXT(WEEKDAY(M49),"ddd") -> Fri | N50: =LEFT(TEXT(WEEKDAY(N49),"ddd"),1) -> S | O50: =LEFT(TEXT(WEEKDAY(O49),"ddd"),1) -> S | P50: =TEXT(WEEKDAY(P49),"ddd") -> Mon | Q50: =TEXT(WEEKDAY(Q49),"ddd") -> Tue | R50: =TEXT(WEEKDAY(R49),"ddd") -> Wed | S50: =TEXT(WEEKDAY(S49),"ddd") -> Thu | T50: =TEXT(WEEKDAY(T49),"ddd") -> Fri | U50: =LEFT(TEXT(WEEKDAY(U49),"ddd"),1) -> S | V50: =LEFT(TEXT(WEEKDAY(V49),"ddd"),1) -> S | W50: =TEXT(WEEKDAY(W49),"ddd") -> Mon | X50: =TEXT(WEEKDAY(X49),"ddd") -> Tue | Y50: =TEXT(WEEKDAY(Y49),"ddd") -> Wed | Z50: =TEXT(WEEKDAY(Z49),"ddd") -> Thu | AA50: =TEXT(WEEKDAY(AA49),"ddd") -> Fri | AB50: =LEFT(TEXT(WEEKDAY(AB49),"ddd"),1) -> S | AC50: =LEFT(TEXT(WEEKDAY(AC49),"ddd"),1) -> S | AD50: =TEXT(WEEKDAY(AD49),"ddd") -> Mon | AE50: =TEXT(WEEKDAY(AE49),"ddd") -> Tue | AF50: =TEXT(WEEKDAY(AF49),"ddd") -> Wed | AG50: =TEXT(WEEKDAY(AG49),"ddd") -> Thu | AH50: =TEXT(WEEKDAY(AH49),"ddd") -> Fri
A51: Hours
A52: =A10 -> Enter Job #s on Yearly Info Tab
A53: =A11 -> RICS Support for MDEQ | B53: =B11 -> 0 | C53: =C11 -> 0 | D53: =D11 -> 0 | E53: =E11 -> 0 | F53: =F11 -> 0.5 | G53: =G11 -> 0 | H53: =H11 -> 0 | ... AH53: =AH11 -> 0 | AI53: =SUM(B53:AH53) -> 3
A54: =A12 -> #REF! | B54: =B12 -> 0 | C54: =C12 -> 0 | D54: =D12 -> 0 | E54: =E12 -> 0.25 | F54: =F12 -> 0 | G54: =G12 -> 0 | H54: =H12 -> 0 | ... AH54: =AH12 -> 0 | AI54: =SUM(B54:AH54) -> 3.75
A55: =A13 -> MDEQ | B55: =B13 -> 0 | C55: =C13 -> 1.5 | D55: =D13 -> 0.5 | E55: =E13 -> 0.25 | F55: =F13 -> 0 | G55: =G13 -> 0 | H55: =H13 -> 0 | ... AH55: =AH13 -> 0 | AI55: =SUM(B55:AH55) -> 10.5
A56: =A14 -> RICS Idea Portal | B56: =B14 -> 0 | C56: =C14 -> 0 | D56: =D14 -> 0 | E56: =E14 -> 1 | F56: =F14 -> 0 | G56: =G14 -> 0 | H56: =H14 -> 0 | ... AH56: =AH14 -> 0 | AI56: =SUM(B56:AH56) -> 5.75
A57: =A15 -> MSWIS | B57: =B15 -> 0 | C57: =C15 -> 1 | D57: =D15 -> 0.75 | E57: =E15 -> 1 | F57: =F15 -> 0.25 | G57: =G15 -> 0 | H57: =H15 -> 0 | ... AH57: =AH15 -> 0 | AI57: =SUM(B57:AH57) -> 8
A58: =A16 -> GeoSpatial | B58: =B16 -> 0 | C58: =C16 -> 1.75 | D58: =D16 -> 1 | E58: =E16 -> 1.5 | F58: =F16 -> 4.75 | G58: =G16 -> 0 | H58: =H16 -> 0 | ... AH58: =AH16 -> 0 | AI58: =SUM(B58:AH58) -> 28.75
A59: =A17 -> RICS Dashboard | B59: =B17 -> 0 | C59: =C17 -> 2.75 | D59: =D17 -> 1.75 | E59: =E17 -> 2.25 | F59: =F17 -> 1.75 | G59: =G17 -> 0 | H59: =H17 -> 0 | ... AH59: =AH17 -> 0 | AI59: =SUM(B59:AH59) -> 38
A60: =A18 -> MDWFP NRIS | B60: =B18 -> 0 | C60: =C18 -> 0 | D60: =D18 -> 0 | E60: =E18 -> 0 | F60: =F18 -> 0 | G60: =G18 -> 0 | H60: =H18 -> 0 | ... AH60: =AH18 -> 0 | AI60: =SUM(B60:AH60) -> 3
A61: =A19 -> MSWIS MRVA 4 CLOSED | B61: =B19 -> 0 | C61: =C19 -> 0.25 | D61: =D19 -> 0 | E61: =E19 -> 0.25 | F61: =F19 -> 0 | G61: =G19 -> 0 | H61: =H19 -> 0 | ... AH61: =AH19 -> 0 | AI61: =SUM(B61:AH61) -> 11
A62: =A20 -> Tackett | B62: =B20 -> 0 | C62: =C20 -> 0 | D62: =D20 -> 0 | E62: =E20 -> 0 | F62: =F20 -> 0 | G62: =G20 -> 0 | H62: =H20 -> 0 | ... AH62: =AH20 -> 0 | AI62: =SUM(B62:AH62) -> 0
A63: =A21 -> 0 | B63: =B21 -> 0 | C63: =C21 -> 0 | D63: =D21 -> 1.25 | E63: =E21 -> 0.5 | F63: =F21 -> 0.5 | G63: =G21 -> 0 | H63: =H21 -> 0 | ... AH63: =AH21 -> 0 | AI63: =SUM(B63:AH63) -> 8.75
A64: =A22 -> #REF! | B64: =B22 -> 0 | C64: =C22 -> 0.25 | D64: =D22 -> 1.5 | E64: =E22 -> 0 | F64: =F22 -> 0 | G64: =G22 -> 0 | H64: =H22 -> 0 | ... AH64: =AH22 -> 0 | AI64: =SUM(B64:AH64) -> 5.25
... A71: =A29 -> 0 | B71: =B29 -> 0 | C71: =C29 -> 0 | D71: =D29 -> 0 | E71: =E29 -> 0 | F71: =F29 -> 0 | G71: =G29 -> 0 | H71: =H29 -> 0 | ... AH71: =AH29 -> 0 | AI71: =SUM(B71:AH71) -> 0
A72: =A30 -> 0 | B72: =B24 -> 0 | C72: =C24 -> 0 | D72: =D24 -> 0 | E72: =E24 -> 0 | F72: =F24 -> 0 | G72: =G24 -> 0 | H72: =H24 -> 0 | I72: =I24 -> 0 | ... L72: =L24 -> 0 | N72: =N24 -> 0 | O72: =O24 -> 0 | P72: =P24 -> 0 | Q72: =Q24 -> 0 | R72: =R24 -> 0 | S72: =S24 -> 0 | T72: =T24 -> 0 | U72: =U24 -> 0 | ... AD72: =AD24 -> 0 | AF72: =AF24 -> 0 | AG72: =AG24 -> 0 | AH72: =AH24 -> 0 | AI72: =SUM(B72:AH72) -> 0
A73: =A31 -> 0 | B73: =B31 -> 0 | C73: =C31 -> 0 | D73: =D31 -> 0 | E73: =E31 -> 0 | F73: =F31 -> 0 | G73: =G31 -> 0 | H73: =H31 -> 0 | ... AH73: =AH31 -> 0 | AI73: =SUM(B73:AH73) -> 0
A74: =A32 -> 0 | B74: =B32 -> 0 | C74: =C32 -> 0 | D74: =D32 -> 0 | E74: =E32 -> 0 | F74: =F32 -> 0 | G74: =G32 -> 0 | H74: =H32 -> 0 | ... AH74: =AH32 -> 0 | AI74: =SUM(B74:AH74) -> 0
A75: Total | B75: =SUM(B51:B74) -> 0 | C75: =SUM(C51:C74) -> 8 | D75: =SUM(D51:D74) -> 8 | E75: =SUM(E51:E74) -> 8 | F75: =SUM(F51:F74) -> 8 | G75: =SUM(G51:G74) -> 0 | H75: =SUM(H51:H74) -> 0 | I75: =SUM(I51:I74) -> 4.5 | ... AH75: =SUM(AH51:AH74) -> 0 | AI75: =SUM(AI53:AI74) -> 142
AI76: =AI75 -> 142

Sheet JAN
B2: MONTHLY TIME RECORD
B3: Name: | D3: ='Yearly Info'!A45 -> Don Woods
B4: Month: | D4: ='Yearly Info'!D1 -> 46023 | J4: Year: | L4: ='Yearly Info'!B1 -> 2026
A6: Project No. & Description | B6: Day of the Month | AI6: Total Hours
B7: =IF(WEEKDAY(D$4,2)>5,D$4+8 - WEEKDAY(D$4,2),D$4-(WEEKDAY(D$4,2)-1)) -> 46020 | C7: =B7+1 -> 46021 | D7: =C7+1 -> 46022 | E7: =D7+1 -> 46023 | F7: =E7+1 -> 46024 | G7: =F7+1 -> 46025 | H7: =G7+1 -> 46026 | I7: =H7+1 -> 46027 | J7: =I7+1 -> 46028 | ... AH7: =AG7+1 -> 46052 | AI7: Hours
B8: =HYPERLINK("#'"&UPPER(LEFT(TEXT($D$4,"mmmm"),3))&"-DEQ'!E8",TEXT(WEEKDAY(B7),"ddd")) -> Mon | C8: =HYPERLINK("#'"&UPPER(LEFT(TEXT($D$4,"mmmm"),3))&"-DEQ'!E15",TEXT(WEEKDAY(C7),"ddd")) -> Tue | D8: =HYPERLINK("#'"&UPPER(LEFT(TEXT($D$4,"mmmm"),3))&"-DEQ'!E22",TEXT(WEEKDAY(D7),"ddd")) -> Wed | E8: =HYPERLINK("#'"&UPPER(LEFT(TEXT($D$4,"mmmm"),3))&"-DEQ'!E29",TEXT(WEEKDAY(E7),"ddd")) -> Thu | F8: =HYPERLINK("#'"&UPPER(LEFT(TEXT($D$4,"mmmm"),3))&"-DEQ'!E36",TEXT(WEEKDAY(F7),"ddd")) -> Fri | G8: =LEFT(TEXT(WEEKDAY(G7),"ddd"),1) -> S | H8: =LEFT(TEXT(WEEKDAY(H7),"ddd"),1) -> S | I8: =HYPERLINK("#'"&UPPER(LEFT(TEXT($D$4,"mmmm"),3))&"-DEQ'!E43",TEXT(WEEKDAY(I7),"ddd")) -> Mon | J8: =HYPERLINK("#'"&UPPER(LEFT(TEXT($D$4,"mmmm"),3))&"-DEQ'!E50",TEXT(WEEKDAY(J7),"ddd")) -> Tue | K8: =HYPERLINK("#'"&UPPER(LEFT(TEXT($D$4,"mmmm"),3))&"-DEQ'!E57",TEXT(WEEKDAY(K7),"ddd")) -> Wed | L8: =HYPERLINK("#'"&UPPER(LEFT(TEXT($D$4,"mmmm"),3))&"-DEQ'!E64",TEXT(WEEKDAY(L7),"ddd")) -> Thu | M8: =HYPERLINK("#'"&UPPER(LEFT(TEXT($D$4,"mmmm"),3))&"-DEQ'!E71",TEXT(WEEKDAY(M7),"ddd")) -> Fri | N8: =LEFT(TEXT(WEEKDAY(N7),"ddd"),1) -> S | O8: =LEFT(TEXT(WEEKDAY(O7),"ddd"),1) -> S | P8: =HYPERLINK("#'"&UPPER(LEFT(TEXT($D$4,"mmmm"),3))&"-DEQ'!E78",TEXT(WEEKDAY(P7),"ddd")) -> Mon | Q8: =HYPERLINK("#'"&UPPER(LEFT(TEXT($D$4,"mmmm"),3))&"-DEQ'!E85",TEXT(WEEKDAY(Q7),"ddd")) -> Tue | R8: =HYPERLINK("#'"&UPPER(LEFT(TEXT($D$4,"mmmm"),3))&"-DEQ'!E92",TEXT(WEEKDAY(R7),"ddd")) -> Wed | S8: =HYPERLINK("#'"&UPPER(LEFT(TEXT($D$4,"mmmm"),3))&"-DEQ'!E99",TEXT(WEEKDAY(S7),"ddd")) -> Thu | T8: =HYPERLINK("#'"&UPPER(LEFT(TEXT($D$4,"mmmm"),3))&"-DEQ'!E106",TEXT(WEEKDAY(T7),"ddd")) -> Fri | U8: =LEFT(TEXT(WEEKDAY(U7),"ddd"),1) -> S | V8: =LEFT(TEXT(WEEKDAY(V7),"ddd"),1) -> S | W8: =HYPERLINK("#'"&UPPER(LEFT(TEXT($D$4,"mmmm"),3))&"-DEQ'!E113",TEXT(WEEKDAY(W7),"ddd")) -> Mon | X8: =HYPERLINK("#'"&UPPER(LEFT(TEXT($D$4,"mmmm"),3))&"-DEQ'!E120",TEXT(WEEKDAY(X7),"ddd")) -> Tue | Y8: =HYPERLINK("#'"&UPPER(LEFT(TEXT($D$4,"mmmm"),3))&"-DEQ'!E127",TEXT(WEEKDAY(Y7),"ddd")) -> Wed | Z8: =HYPERLINK("#'"&UPPER(LEFT(TEXT($D$4,"mmmm"),3))&"-DEQ'!E134",TEXT(WEEKDAY(Z7),"ddd")) -> Thu | AA8: =HYPERLINK("#'"&UPPER(LEFT(TEXT($D$4,"mmmm"),3))&"-DEQ'!E141",TEXT(WEEKDAY(AA7),"ddd")) -> Fri | AB8: =LEFT(TEXT(WEEKDAY(AB7),"ddd"),1) -> S | AC8: =LEFT(TEXT(WEEKDAY(AC7),"ddd"),1) -> S | AD8: =HYPERLINK("#'"&UPPER(LEFT(TEXT($D$4,"mmmm"),3))&"-DEQ'!E149",TEXT(WEEKDAY(AD7),"ddd")) -> Mon | AE8: =HYPERLINK("#'"&UPPER(LEFT(TEXT($D$4,"mmmm"),3))&"-DEQ'!E155",TEXT(WEEKDAY(AE7),"ddd")) -> Tue | AF8: =HYPERLINK("#'"&UPPER(LEFT(TEXT($D$4,"mmmm"),3))&"-DEQ'!E162",TEXT(WEEKDAY(AF7),"ddd")) -> Wed | AG8: =HYPERLINK("#'"&UPPER(LEFT(TEXT($D$4,"mmmm"),3))&"-DEQ'!E169",TEXT(WEEKDAY(AG7),"ddd")) -> Thu | AH8: =HYPERLINK("#'"&UPPER(LEFT(TEXT($D$4,"mmmm"),3))&"-DEQ'!E176",TEXT(WEEKDAY(AH7),"ddd")) -> Fri
A9: Hours
A10: ='Yearly Info'!A13 -> Enter Job #s on Yearly Info Tab
A11: ='Yearly Info'!A14 -> RICS Support for MDEQ | AG11: 4 | AI11: =SUM(B11:AH11) -> 4
A12: ='Yearly Info'!A15 -> MDEQ | AI12: =SUM(B12:AH12) -> 0
A13: ='Yearly Info'!A16 -> RICS Idea Portal | S13: 4 | AI13: =SUM(B13:AH13) -> 4
A14: ='Yearly Info'!A17 -> MSWIS | I14: 5 | J14: 6 | K14: 8 | L14: 8 | M14: 2 | P14: 3 | Q14: 3 | R14: 2 | S14: 4 | X14: 4 | Y14: 3 | AD14: 8 | AE14: 2 | AF14: 4 | AG14: 4 | AI14: =SUM(B14:AH14) -> 66
A15: ='Yearly Info'!A18 -> GeoSpatial | AI15: =SUM(B15:AH15) -> 0
A16: ='Yearly Info'!A19 -> RICS Dashboard | AI16: =SUM(B16:AH16) -> 0
A17: ='Yearly Info'!A20 -> MDWFP NRIS | F17: 6 | I17: 5 | J17: 2 | K17: 2 | M17: 8 | T17: 2 | AE17: 2 | AI17: =SUM(B17:AH17) -> 27
A18: ='Yearly Info'!A21 -> MSWIS MRVA 4 CLOSED | J18: 2 | M18: 2 | P18: 5 | Q18: 5 | R18: 6 | T18: 6 | X18: 4 | Y18: 9 | Z18: 10 | AA18: 5 | AE18: 4 | AF18: 4 | AH18: 4.5 | AI18: =SUM(B18:AH18) -> 66.5
A19: ='Yearly Info'!A22 -> Tackett | AI19: =SUM(B19:AH19) -> 0
A20: ='Yearly Info'!A23 -> 0 | AI20: =SUM(B20:AH20) -> 0
A21: ='Yearly Info'!A24 -> 0 | AI21: =SUM(B21:AH21) -> 0
A22: ='Yearly Info'!A25 -> 0 | AI22: =SUM(B22:AH22) -> 0
A23: ='Yearly Info'!A26 -> 0 | AI23: =SUM(B23:AH23) -> 0
A24: ='Yearly Info'!A27 -> 0 | AI24: =SUM(B24:AH24) -> 0
A25: ='Yearly Info'!A28 -> 0 | AI25: =SUM(B25:AH25) -> 0
A26: ='Yearly Info'!A29 -> 0 | AI26: =SUM(B26:AH26) -> 0
A27: ='Yearly Info'!A30 -> 0 | AI27: =SUM(B27:AH27) -> 0
A28: ='Yearly Info'!A31 -> 0 | AI28: =SUM(B28:AH28) -> 0
A29: ='Yearly Info'!A32 -> 0 | AI29: =SUM(B29:AH29) -> 0
A30: ='Yearly Info'!A33 -> 0 | AI30: =SUM(B30:AH30) -> 0
... A40: ='Yearly Info'!A43 | AI40: =SUM(B40:AH40) -> 0
AI41: =SUM(B41:AH41) -> 0
A42: Total | B42: =SUM(B9:B40) -> 0 | C42: =SUM(C9:C40) -> 0 | D42: =SUM(D9:D40) -> 0 | E42: =SUM(E9:E40) -> 0 | F42: =SUM(F9:F40) -> 6 | G42: =SUM(G9:G40) -> 0 | H42: =SUM(H9:H40) -> 0 | I42: =SUM(I9:I40) -> 10 | ... AE42: =SUM(AE9:AE40) -> 8 | AF42: =SUM(AF9:AF41) -> 8 | AG42: =SUM(AG9:AG40) -> 8 | AH42: =SUM(AH9:AH40) -> 4.5 | AI42: =SUM(AI11:AI41) -> 167.5
A43: Leave - Holiday | B43: =IF(B7<$D$4,0, IF(B7='Yearly Info'!$C2, 8, IF(B7='Yearly Info'!$C3, 8, IF(B7='Yearly Info'!$C4, 8, IF(B7='Yearly Info'!$C5, 8, IF(B7='Yearly Info'!$C6, 8, IF(B7='Yearly Info'!$C7, 8, IF(B7='Yearly Info'!$C8, 8, IF(B7='Yearly Info'!$C9, 8, IF(B7='Yearly Info'!$C10, 8, IF(B7='Yearly Info'!$C11,8,0))))))))))) -> 0 | C43: =IF(C7<$D$4,0, IF(C7='Yearly Info'!$C2, 8, IF(C7='Yearly Info'!$C3, 8, IF(C7='Yearly Info'!$C4, 8, IF(C7='Yearly Info'!$C5, 8, IF(C7='Yearly Info'!$C6, 8, IF(C7='Yearly Info'!$C7, 8, IF(C7='Yearly Info'!$C8, 8, IF(C7='Yearly Info'!$C9, 8, IF(C7='Yearly Info'!$C10, 8, IF(C7='Yearly Info'!$C11,8,0))))))))))) -> 0 | D43: =IF(D7<$D$4,0, IF(D7='Yearly Info'!$C2, 8, IF(D7='Yearly Info'!$C3, 8, IF(D7='Yearly Info'!$C4, 8, IF(D7='Yearly Info'!$C5, 8, IF(D7='Yearly Info'!$C6, 8, IF(D7='Yearly Info'!$C7, 8, IF(D7='Yearly Info'!$C8, 8, IF(D7='Yearly Info'!$C9, 8, IF(D7='Yearly Info'!$C10, 8, IF(D7='Yearly Info'!$C11,8,0))))))))))) -> 0 | E43: =IF(E7<$D$4,0, IF(E7='Yearly Info'!$C2, 8, IF(E7='Yearly Info'!$C3, 8, IF(E7='Yearly Info'!$C4, 8, IF(E7='Yearly Info'!$C5, 8, IF(E7='Yearly Info'!$C6, 8, IF(E7='Yearly Info'!$C7, 8, IF(E7='Yearly Info'!$C8, 8, IF(E7='Yearly Info'!$C9, 8, IF(E7='Yearly Info'!$C10, 8, IF(E7='Yearly Info'!$C11,8,0))))))))))) -> 8 | F43: =IF(F7<$D$4,0, IF(F7='Yearly Info'!$C2, 8, IF(F7='Yearly Info'!$C3, 8, IF(F7='Yearly Info'!$C4, 8, IF(F7='Yearly Info'!$C5, 8, IF(F7='Yearly Info'!$C6, 8, IF(F7='Yearly Info'!$C7, 8, IF(F7='Yearly Info'!$C8, 8, IF(F7='Yearly Info'!$C9, 8, IF(F7='Yearly Info'!$C10, 8, IF(F7='Yearly Info'!$C11,8,0))))))))))) -> 0 | G43: =IF(G7='Yearly Info'!$C2, 8, IF(G7='Yearly Info'!$C3, 8, IF(G7='Yearly Info'!$C4, 8, IF(G7='Yearly Info'!$C5, 8, IF(G7='Yearly Info'!$C6, 8, IF(G7='Yearly Info'!$C7, 8, IF(G7='Yearly Info'!$C8, 8, IF(G7='Yearly Info'!$C9, 8, IF(G7='Yearly Info'!$C10, 8, IF(G7='Yearly Info'!$C11,8,0)))))))))) -> 0 | H43: =IF(H7='Yearly Info'!$C2, 8, IF(H7='Yearly Info'!$C3, 8, IF(H7='Yearly Info'!$C4, 8, IF(H7='Yearly Info'!$C5, 8, IF(H7='Yearly Info'!$C6, 8, IF(H7='Yearly Info'!$C7, 8, IF(H7='Yearly Info'!$C8, 8, IF(H7='Yearly Info'!$C9, 8, IF(H7='Yearly Info'!$C10, 8, IF(H7='Yearly Info'!$C11,8,0)))))))))) -> 0 | I43: =IF(I7='Yearly Info'!$C2, 8, IF(I7='Yearly Info'!$C3, 8, IF(I7='Yearly Info'!$C4, 8, IF(I7='Yearly Info'!$C5, 8, IF(I7='Yearly Info'!$C6, 8, IF(I7='Yearly Info'!$C7, 8, IF(I7='Yearly Info'!$C8, 8, IF(I7='Yearly Info'!$C9, 8, IF(I7='Yearly Info'!$C10, 8, IF(I7='Yearly Info'!$C11,8,0)))))))))) -> 0 | J43: =IF(J7='Yearly Info'!$C2, 8, IF(J7='Yearly Info'!$C3, 8, IF(J7='Yearly Info'!$C4, 8, IF(J7='Yearly Info'!$C5, 8, IF(J7='Yearly Info'!$C6, 8, IF(J7='Yearly Info'!$C7, 8, IF(J7='Yearly Info'!$C8, 8, IF(J7='Yearly Info'!$C9, 8, IF(J7='Yearly Info'!$C10, 8, IF(J7='Yearly Info'!$C11,8,0)))))))))) -> 0 | K43: =IF(K7='Yearly Info'!$C2, 8, IF(K7='Yearly Info'!$C3, 8, IF(K7='Yearly Info'!$C4, 8, IF(K7='Yearly Info'!$C5, 8, IF(K7='Yearly Info'!$C6, 8, IF(K7='Yearly Info'!$C7, 8, IF(K7='Yearly Info'!$C8, 8, IF(K7='Yearly Info'!$C9, 8, IF(K7='Yearly Info'!$C10, 8, IF(K7='Yearly Info'!$C11,8,0)))))))))) -> 0 | L43: =IF(L7='Yearly Info'!$C2, 8, IF(L7='Yearly Info'!$C3, 8, IF(L7='Yearly Info'!$C4, 8, IF(L7='Yearly Info'!$C5, 8, IF(L7='Yearly Info'!$C6, 8, IF(L7='Yearly Info'!$C7, 8, IF(L7='Yearly Info'!$C8, 8, IF(L7='Yearly Info'!$C9, 8, IF(L7='Yearly Info'!$C10, 8, IF(L7='Yearly Info'!$C11,8,0)))))))))) -> 0 | M43: =IF(M7='Yearly Info'!$C2, 8, IF(M7='Yearly Info'!$C3, 8, IF(M7='Yearly Info'!$C4, 8, IF(M7='Yearly Info'!$C5, 8, IF(M7='Yearly Info'!$C6, 8, IF(M7='Yearly Info'!$C7, 8, IF(M7='Yearly Info'!$C8, 8, IF(M7='Yearly Info'!$C9, 8, IF(M7='Yearly Info'!$C10, 8, IF(M7='Yearly Info'!$C11,8,0)))))))))) -> 0 | N43: =IF(N7='Yearly Info'!$C2, 8, IF(N7='Yearly Info'!$C3, 8, IF(N7='Yearly Info'!$C4, 8, IF(N7='Yearly Info'!$C5, 8, IF(N7='Yearly Info'!$C6, 8, IF(N7='Yearly Info'!$C7, 8, IF(N7='Yearly Info'!$C8, 8, IF(N7='Yearly Info'!$C9, 8, IF(N7='Yearly Info'!$C10, 8, IF(N7='Yearly Info'!$C11,8,0)))))))))) -> 0 | ... AA43: =IF(AA7='Yearly Info'!$C2, 8, IF(AA7='Yearly Info'!$C3, 8, IF(AA7='Yearly Info'!$C4, 8, IF(AA7='Yearly Info'!$C5, 8, IF(AA7='Yearly Info'!$C6, 8, IF(AA7='Yearly Info'!$C7, 8, IF(AA7='Yearly Info'!$C8, 8, IF(AA7='Yearly Info'!$C9, 8, IF(AA7='Yearly Info'!$C10, 8, IF(AA7='Yearly Info'!$C11,8,0)))))))))) -> 0 | AB43: =IF(AB7>EOMONTH($D$4,0),0, IF(AB7='Yearly Info'!$C2, 8, IF(AB7='Yearly Info'!$C3, 8, IF(AB7='Yearly Info'!$C4, 8, IF(AB7='Yearly Info'!$C5, 8, IF(AB7='Yearly Info'!$C6, 8, IF(AB7='Yearly Info'!$C7, 8, IF(AB7='Yearly Info'!$C8, 8, IF(AB7='Yearly Info'!$C9, 8, IF(AB7='Yearly Info'!$C10, 8, IF(AB7='Yearly Info'!$C11,8,0))))))))))) -> 0 | AC43: =IF(AC7>EOMONTH($D$4,0),0, IF(AC7='Yearly Info'!$C2, 8, IF(AC7='Yearly Info'!$C3, 8, IF(AC7='Yearly Info'!$C4, 8, IF(AC7='Yearly Info'!$C5, 8, IF(AC7='Yearly Info'!$C6, 8, IF(AC7='Yearly Info'!$C7, 8, IF(AC7='Yearly Info'!$C8, 8, IF(AC7='Yearly Info'!$C9, 8, IF(AC7='Yearly Info'!$C10, 8, IF(AC7='Yearly Info'!$C11,8,0))))))))))) -> 0 | AE43: =IF(AE7>EOMONTH($D$4,0),0, IF(AE7='Yearly Info'!$C2, 8, IF(AE7='Yearly Info'!$C3, 8, IF(AE7='Yearly Info'!$C4, 8, IF(AE7='Yearly Info'!$C5, 8, IF(AE7='Yearly Info'!$C6, 8, IF(AE7='Yearly Info'!$C7, 8, IF(AE7='Yearly Info'!$C8, 8, IF(AE7='Yearly Info'!$C9, 8, IF(AE7='Yearly Info'!$C10, 8, IF(AE7='Yearly Info'!$C11,8,0))))))))))) -> 0 | AF43: =IF(AF7>EOMONTH($D$4,0),0, IF(AF7='Yearly Info'!$C2, 8, IF(AF7='Yearly Info'!$C3, 8, IF(AF7='Yearly Info'!$C4, 8, IF(AF7='Yearly Info'!$C5, 8, IF(AF7='Yearly Info'!$C6, 8, IF(AF7='Yearly Info'!$C7, 8, IF(AF7='Yearly Info'!$C8, 8, IF(AF7='Yearly Info'!$C9, 8, IF(AF7='Yearly Info'!$C10, 8, IF(AF7='Yearly Info'!$C11,8,0))))))))))) -> 0 | AG43: =IF(AG7>EOMONTH($D$4,0),0, IF(AG7='Yearly Info'!$C2, 8, IF(AG7='Yearly Info'!$C3, 8, IF(AG7='Yearly Info'!$C4, 8, IF(AG7='Yearly Info'!$C5, 8, IF(AG7='Yearly Info'!$C6, 8, IF(AG7='Yearly Info'!$C7, 8, IF(AG7='Yearly Info'!$C8, 8, IF(AG7='Yearly Info'!$C9, 8, IF(AG7='Yearly Info'!$C10, 8, IF(AG7='Yearly Info'!$C11,8,0))))))))))) -> 0 | AH43: =IF(AH7>EOMONTH($D$4,0),0, IF(AH7='Yearly Info'!$C2, 8, IF(AH7='Yearly Info'!$C3, 8, IF(AH7='Yearly Info'!$C4, 8, IF(AH7='Yearly Info'!$C5, 8, IF(AH7='Yearly Info'!$C6, 8, IF(AH7='Yearly Info'!$C7, 8, IF(AH7='Yearly Info'!$C8, 8, IF(AH7='Yearly Info'!$C9, 8, IF(AH7='Yearly Info'!$C10, 8, IF(AH7='Yearly Info'!$C11,8,0))))))))))) -> 0 | AI43: =SUM(B43:AH43) -> 16
B44: Leave - Personal | AI44: =IF(SUM(B48:AH48)-AI42-AI43>0,SUM(B48:AH48)-AI42-AI43,0) -> 0
B45: Extended Work Week (Extra Hours) | AI45: =IF(SUM(B48:AH48)-AI42-AI43<0,(SUM(B48:AH48)-AI42-AI43)*-1,0) -> 7.5
A46: Daily Total | B46: =SUM(B45,B43,B42) -> 0 | C46: =SUM(C45,C43,C42) -> 0 | D46: =SUM(D45,D43,D42) -> 0 | E46: =SUM(E45,E43,E42) -> 8 | F46: =SUM(F45,F43,F42) -> 6 | G46: =SUM(G45,G43,G42) -> 0 | H46: =SUM(H45,H43,H42) -> 0 | I46: =SUM(I45,I43,I42) -> 10 | ... AH46: =SUM(AH45,AH43,AH42) -> 4.5 | AI46: =SUM(B46:AH46) -> 183.5
A47: Weekly Total | B47: =IF(B8="Sun",SUM(B46),"") | C47: =IF(C8="Sun",SUM(B46,C46),"") | D47: =IF(D8="Sun",SUM(B46,C46,D46),"") | E47: =IF(E8="Sun",SUM(B46,C46,D46,E46),"") | F47: =SUM(B46:H46) -> 14 | I47: =IF(I8="Sun",SUM(C46,D46,E46,F46,G46,H46,I46),"") | J47: =IF(J8="Sun",SUM(D46,E46,F46,G46,H46,I46,J46),"") | K47: =IF(K8="Sun",SUM(E46,F46,G46,H46,I46,J46,K46),"") | L47: =IF(L8="Sun",SUM(F46,G46,H46,I46,J46,K46,L46),"") | M47: =SUM(I46:O46) -> 50 | P47: =IF(P8="Sun",SUM(J46,K46,L46,M46,N46,O46,P46),"") | Q47: =IF(Q8="Sun",SUM(K46,L46,M46,N46,O46,P46,Q46),"") | R47: =IF(R8="Sun",SUM(L46,M46,N46,O46,P46,Q46,R46),"") | S47: =IF(S8="Sun",SUM(M46,N46,O46,P46,Q46,R46,S46),"") | T47: =SUM(P46:V46) -> 40 | W47: =IF(W8="Sun",SUM(Q46,R46,S46,T46,U46,V46,W46),"") | X47: =IF(X8="Sun",SUM(R46,S46,T46,U46,V46,W46,X46),"") | Y47: =IF(Y8="Sun",SUM(S46,T46,U46,V46,W46,X46,Y46),"") | Z47: =IF(Z8="Sun",SUM(T46,U46,V46,W46,X46,Y46,Z46),"") | AA47: =SUM(W46:AC46) -> 43 | AD47: =IF(AD8="Sun",SUM(X46,Y46,Z46,AA46,AB46,AC46,AD46),"") | AE47: =IF(AE8="Sun",SUM(Y46,Z46,AA46,AB46,AC46,AD46,AE46),"") | AF47: =IF(AF8="Sun",SUM(Z46,AA46,AB46,AC46,AD46,AE46,AF46),"") | AG47: =IF(AG8="Sun",SUM(AA46,AB46,AC46,AD46,AE46,AF46,AG46),"") | AH47: =SUM(AD46:AH46) -> 36.5 | AI47: =SUM(B47:AH47) -> 183.5
B48: =IF(B7>=$D$4,IF(B7<=EOMONTH($D$4,0), IF(B8="S",0,IF(B8="S",0,8)),0),0) -> 0 | C48: =IF(C7>=$D$4,IF(C7<=EOMONTH($D$4,0), IF(C8="S",0,IF(C8="S",0,8)),0),0) -> 0 | D48: =IF(D7>=$D$4,IF(D7<=EOMONTH($D$4,0), IF(D8="S",0,IF(D8="S",0,8)),0),0) -> 0 | E48: =IF(E7>=$D$4,IF(E7<=EOMONTH($D$4,0), IF(E8="S",0,IF(E8="S",0,8)),0),0) -> 8 | F48: =IF(F7>=$D$4,IF(F7<=EOMONTH($D$4,0), IF(F8="S",0,IF(F8="S",0,8)),0),0) -> 8 | G48: =IF(G7>=$D$4,IF(G7<=EOMONTH($D$4,0), IF(G8="S",0,IF(G8="S",0,8)),0),0) -> 0 | H48: =IF(H7>=$D$4,IF(H7<=EOMONTH($D$4,0), IF(H8="S",0,IF(H8="S",0,8)),0),0) -> 0 | I48: =IF(I7>=$D$4,IF(I7<=EOMONTH($D$4,0), IF(I8="S",0,IF(I8="S",0,8)),0),0) -> 8 | ... AH48: =IF(AH7>=$D$4,IF(AH7<=EOMONTH($D$4,0), IF(AH8="S",0,IF(AH8="S",0,8)),0),0) -> 8 | AI48: =SUM(B48:AH48) -> 176
B53: MONTHLY TIME RECORD
B54: Name: | D54: =D3 -> Don Woods
B55: Month: | D55: =D4 -> 46023 | J55: Year: | L55: =L4 -> 2026
A57: Project No. & Description | B57: Day of the Month | AI57: Total Hours
B58: =IF(WEEKDAY(D$4,2)>5,D$4+8 - WEEKDAY(D$4,2),D$4-(WEEKDAY(D$4,2)-1)) -> 46020 | C58: =B58+1 -> 46021 | D58: =C58+1 -> 46022 | E58: =D58+1 -> 46023 | F58: =E58+1 -> 46024 | G58: =F58+1 -> 46025 | H58: =G58+1 -> 46026 | I58: =H58+1 -> 46027 | J58: =I58+1 -> 46028 | ... AH58: =AG58+1 -> 46052 | AI58: Hours
B59: =TEXT(WEEKDAY(B58),"ddd") -> Mon | C59: =TEXT(WEEKDAY(C58),"ddd") -> Tue | D59: =TEXT(WEEKDAY(D58),"ddd") -> Wed | E59: =TEXT(WEEKDAY(E58),"ddd") -> Thu | F59: =TEXT(WEEKDAY(F58),"ddd") -> Fri | G59: =TEXT(WEEKDAY(G58),"ddd") -> Sat | H59: =TEXT(WEEKDAY(H58),"ddd") -> Sun | I59: =TEXT(WEEKDAY(I58),"ddd") -> Mon | ... AH59: =TEXT(WEEKDAY(AH58),"ddd") -> Fri
A60: Hours
A61: =A10 -> Enter Job #s on Yearly Info Tab
A62: =A11 -> RICS Support for MDEQ | B62: =B11 -> 0 | C62: =C11 -> 0 | D62: =D11 -> 0 | E62: =E11 -> 0 | F62: =F11 -> 0 | G62: =G11 -> 0 | H62: =H11 -> 0 | ... AH62: =AH11 -> 0 | AI62: =SUM(B62:AH62) -> 4
A63: =A12 -> MDEQ | B63: =B12 -> 0 | C63: =C12 -> 0 | D63: =D12 -> 0 | E63: =E12 -> 0 | F63: =F12 -> 0 | G63: =G12 -> 0 | H63: =H12 -> 0 | ... AH63: =AH12 -> 0 | AI63: =SUM(B63:AH63) -> 0
A64: =A13 -> RICS Idea Portal | B64: =B13 -> 0 | C64: =C13 -> 0 | D64: =D13 -> 0 | E64: =E13 -> 0 | F64: =F13 -> 0 | G64: =G13 -> 0 | H64: =H13 -> 0 | ... R64: =R13 -> 0 | S64: 4 | T64: =T13 -> 0 | U64: =U13 -> 0 | V64: =V13 -> 0 | W64: =W13 -> 0 | X64: =X13 -> 0 | Y64: =Y13 -> 0 | Z64: =Z13 -> 0 | AA64: =AA13 -> 0 | ... AH64: =AH13 -> 0 | AI64: =SUM(B64:AH64) -> 4
A65: =A14 -> MSWIS | B65: =B14 -> 0 | C65: =C14 -> 0 | D65: =D14 -> 0 | E65: =E14 -> 0 | F65: =F14 -> 0 | G65: =G14 -> 0 | H65: =H14 -> 0 | ... R65: =R14 -> 2 | S65: =S13 -> 4 | T65: =T14 -> 0 | U65: =U14 -> 0 | V65: =V14 -> 0 | W65: =W14 -> 0 | X65: =X14 -> 4 | Y65: =Y14 -> 3 | Z65: =Z14 -> 0 | AA65: =AA14 -> 0 | ... AH65: =AH14 -> 0 | AI65: =SUM(B65:AH65) -> 66
A66: =A15 -> GeoSpatial | B66: =B15 -> 0 | C66: =C15 -> 0 | D66: =D15 -> 0 | E66: =E15 -> 0 | F66: =F15 -> 0 | G66: =G15 -> 0 | H66: =H15 -> 0 | ... AH66: =AH15 -> 0 | AI66: =SUM(B66:AH66) -> 0
A67: =A16 -> RICS Dashboard | B67: =B16 -> 0 | C67: =C16 -> 0 | D67: =D16 -> 0 | E67: =E16 -> 0 | F67: =F16 -> 0 | G67: =G16 -> 0 | H67: =H16 -> 0 | ... AH67: =AH16 -> 0 | AI67: =SUM(B67:AH67) -> 0
A68: =A17 -> MDWFP NRIS | B68: =B17 -> 0 | C68: =C17 -> 0 | D68: =D17 -> 0 | E68: =E17 -> 0 | F68: =F17 -> 6 | G68: =G17 -> 0 | H68: =H17 -> 0 | ... AH68: =AH17 -> 0 | AI68: =SUM(B68:AH68) -> 27
A69: =A18 -> MSWIS MRVA 4 CLOSED | B69: =B18 -> 0 | C69: =C18 -> 0 | D69: =D18 -> 0 | E69: =E18 -> 0 | F69: =F18 -> 0 | G69: =G18 -> 0 | H69: =H18 -> 0 | ... AG69: =AG18 -> 0 | AH69: 4.5 | AI69: =SUM(B69:AH69) -> 66.5
A70: =A19 -> Tackett | B70: =B19 -> 0 | C70: =C19 -> 0 | D70: =D19 -> 0 | E70: =E19 -> 0 | F70: =F19 -> 0 | G70: =G19 -> 0 | H70: =H19 -> 0 | ... AH70: =AH19 -> 0 | AI70: =SUM(B70:AH70) -> 0
A71: =A20 -> 0 | B71: =B20 -> 0 | C71: =C20 -> 0 | D71: =D20 -> 0 | E71: =E20 -> 0 | F71: =F20 -> 0 | G71: =G20 -> 0 | H71: =H20 -> 0 | ... AH71: =AH20 -> 0 | AI71: =SUM(B71:AH71) -> 0
A72: =A21 -> 0 | B72: =B21 -> 0 | C72: =C21 -> 0 | D72: =D21 -> 0 | E72: =E21 -> 0 | F72: =F21 -> 0 | G72: =G21 -> 0 | H72: =H21 -> 0 | ... AH72: =AH21 -> 0 | AI72: =SUM(B72:AH72) -> 0
A73: =A22 -> 0 | B73: =B22 -> 0 | C73: =C22 -> 0 | D73: =D22 -> 0 | E73: =E22 -> 0 | F73: =F22 -> 0 | G73: =G22 -> 0 | H73: =H22 -> 0 | ... AH73: =AH22 -> 0 | AI73: =SUM(B73:AH73) -> 0
A74: =A23 -> 0 | B74: =B23 -> 0 | C74: =C23 -> 0 | D74: =D23 -> 0 | E74: =E23 -> 0 | F74: =F23 -> 0 | G74: =G23 -> 0 | H74: =H23 -> 0 | ... AH74: =AH23 -> 0 | AI74: =SUM(B74:AH74) -> 0
A75: =A24 -> 0 | B75: =B24 -> 0 | C75: =C24 -> 0 | D75: =D24 -> 0 | E75: =E24 -> 0 | F75: =F24 -> 0 | G75: =G24 -> 0 | H75: =H24 -> 0 | ... AH75: =AH24 -> 0 | AI75: =SUM(B75:AH75) -> 0
A76: =A25 -> 0 | B76: =B25 -> 0 | C76: =C25 -> 0 | D76: =D25 -> 0 | E76: =E25 -> 0 | F76: =F25 -> 0 | G76: =G25 -> 0 | H76: =H25 -> 0 | ... AH76: =AH25 -> 0 | AI76: =SUM(B76:AH76) -> 0
A77: =A26 -> 0 | B77: =B26 -> 0 | C77: =C26 -> 0 | D77: =D26 -> 0 | E77: =E26 -> 0 | F77: =F26 -> 0 | G77: =G26 -> 0 | H77: =H26 -> 0 | ... AH77: =AH26 -> 0 | AI77: =SUM(B77:AH77) -> 0
A78: =A27 -> 0 | B78: =B27 -> 0 | C78: =C27 -> 0 | D78: =D27 -> 0 | E78: =E27 -> 0 | F78: =F27 -> 0 | G78: =G27 -> 0 | H78: =H27 -> 0 | ... AH78: =AH27 -> 0 | AI78: =SUM(B78:AH78) -> 0
A79: =A28 -> 0 | B79: =B28 -> 0 | C79: =C28 -> 0 | D79: =D28 -> 0 | E79: =E28 -> 0 | F79: =F28 -> 0 | G79: =G28 -> 0 | H79: =H28 -> 0 | ... AH79: =AH28 -> 0 | AI79: =SUM(B79:AH79) -> 0
A80: =A29 -> 0 | B80: =B29 -> 0 | C80: =C29 -> 0 | D80: =D29 -> 0 | E80: =E29 -> 0 | F80: =F29 -> 0 | G80: =G29 -> 0 | H80: =H29 -> 0 | ... AH80: =AH29 -> 0 | AI80: =SUM(B80:AH80) -> 0
A81: =A30 -> 0 | B81: =B24 -> 0 | C81: =C24 -> 0 | D81: =D24 -> 0 | E81: =E24 -> 0 | F81: =F24 -> 0 | G81: =G24 -> 0 | H81: =H24 -> 0 | I81: =I24 -> 0 | ... Q81: =Q24 -> 0 | AF81: =AF24 -> 0 | AG81: =AG24 -> 0 | AH81: =AH24 -> 0 | AI81: =SUM(B81:AH81) -> 0
A82: =A31 -> 0 | B82: =B31 -> 0 | C82: =C31 -> 0 | D82: =D31 -> 0 | E82: =E31 -> 0 | F82: =F31 -> 0 | G82: =G31 -> 0 | H82: =H31 -> 0 | ... AH82: =AH31 -> 0 | AI82: =SUM(B82:AH82) -> 0
A83: =A32 -> 0 | B83: =B32 -> 0 | C83: =C32 -> 0 | D83: =D32 -> 0 | E83: =E32 -> 0 | F83: =F32 -> 0 | G83: =G32 -> 0 | H83: =H32 -> 0 | ... AH83: =AH32 -> 0 | AI83: =SUM(B83:AH83) -> 0
A84: =A33 -> 0 | B84: =B33 -> 0 | C84: =C33 -> 0 | D84: =D33 -> 0 | E84: =E33 -> 0 | F84: =F33 -> 0 | G84: =G33 -> 0 | H84: =H33 -> 0 | ... AH84: =AH33 -> 0 | AI84: =SUM(B84:AH84) -> 0
A85: =A34 -> 0 | B85: =B34 -> 0 | C85: =C34 -> 0 | D85: =D34 -> 0 | E85: =E34 -> 0 | F85: =F34 -> 0 | G85: =G34 -> 0 | H85: =H34 -> 0 | ... AH85: =AH34 -> 0 | AI85: =SUM(B85:AH85) -> 0
A86: =A35 -> 0 | B86: =B35 -> 0 | C86: =C35 -> 0 | D86: =D35 -> 0 | E86: =E35 -> 0 | F86: =F35 -> 0 | G86: =G35 -> 0 | H86: =H35 -> 0 | ... AH86: =AH35 -> 0 | AI86: =SUM(B86:AH86) -> 0
A87: =A36 -> 0 | B87: =B36 -> 0 | C87: =C36 -> 0 | D87: =D36 -> 0 | E87: =E36 -> 0 | F87: =F36 -> 0 | G87: =G36 -> 0 | H87: =H36 -> 0 | ... AH87: =AH36 -> 0 | AI87: =SUM(B87:AH87) -> 0
A88: =A37 -> 0 | B88: =B37 -> 0 | C88: =C37 -> 0 | D88: =D37 -> 0 | E88: =E37 -> 0 | F88: =F37 -> 0 | G88: =G37 -> 0 | H88: =H37 -> 0 | ... AH88: =AH37 -> 0 | AI88: =SUM(B88:AH88) -> 0
A89: =A38 | B89: =B38 -> 0 | C89: =C38 -> 0 | D89: =D38 -> 0 | E89: =E38 -> 0 | F89: =F38 -> 0 | G89: =G38 -> 0 | H89: =H38 -> 0 | ... AH89: =AH38 -> 0 | AI89: =SUM(B89:AH89) -> 0
A90: =A39 | B90: =B39 -> 0 | C90: =C39 -> 0 | D90: =D39 -> 0 | E90: =E39 -> 0 | F90: =F39 -> 0 | G90: =G39 -> 0 | H90: =H39 -> 0 | ... AH90: =AH39 -> 0 | AI90: =SUM(B90:AH90) -> 0
A91: =A40 | B91: =B40 -> 0 | C91: =C40 -> 0 | D91: =D40 -> 0 | E91: =E40 -> 0 | F91: =F40 -> 0 | G91: =G40 -> 0 | H91: =H40 -> 0 | ... AH91: =AH40 -> 0 | AI91: =SUM(B91:AH91) -> 0
A92: Total | B92: =SUM(B60:B91) -> 0 | C92: =SUM(C60:C91) -> 0 | D92: =SUM(D60:D91) -> 0 | E92: =SUM(E60:E91) -> 0 | F92: =SUM(F60:F91) -> 6 | G92: =SUM(G60:G91) -> 0 | H92: =SUM(H60:H91) -> 0 | I92: =SUM(I60:I91) -> 10 | ... AI92: =SUM(AI60:AI91) -> 167.5
AI93: =AI92 -> 167.5

Sheet JAN-DESC
B2: Name: | D2: ='Yearly Info'!A45 -> Don Woods | E2: =INDIRECT("'" & $Q$1 & "'!D11") -> #REF! | F2: =INDIRECT("'" & $Q$1 & "'!D11") -> #REF! | G2: =INDIRECT("'" & $Q$1 & "'!D11") -> #REF! | H2: =INDIRECT("'" & $Q$1 & "'!D11") -> #REF! | I2: =INDIRECT("'" & $Q$1 & "'!D11") -> #REF! | J2: =INDIRECT("'" & $Q$1 & "'!D11") -> #REF! | K2: =INDIRECT("'" & $Q$1 & "'!D11") -> #REF! | L2: =INDIRECT("'" & $Q$1 & "'!D11") -> #REF! | ... N2: =INDIRECT("'" & $Q$1 & "'!D11") -> #REF!
B3: Month: | D3: ='Yearly Info'!D1 -> 46023 | E3: =INDIRECT("'" & LEFT(UPPER(MID(CELL("filename"),(FIND("]",CELL("filename"))+1),50)),3) & "'!$D$4") -> 46204 | F3: =INDIRECT("'" & LEFT(UPPER(MID(CELL("filename"),(FIND("]",CELL("filename"))+1),50)),3) & "'!$D$4") -> 46204 | G3: =INDIRECT("'" & LEFT(UPPER(MID(CELL("filename"),(FIND("]",CELL("filename"))+1),50)),3) & "'!$D$4") -> 46204 | H3: =INDIRECT("'" & LEFT(UPPER(MID(CELL("filename"),(FIND("]",CELL("filename"))+1),50)),3) & "'!$D$4") -> 46204 | I3: Year: | K3: ='Yearly Info'!B1 -> 2026
A5: Project | B5: Date / Hours | E5: Description
A8: =IF(MONTH(C8)=MONTH(D$3),RIGHT('Yearly Info'!A$14,LEN('Yearly Info'!A$14)-4),"") | B8: =TEXT(C8,"dddd") -> Monday | C8: =INDIRECT("'" & UPPER(LEFT(TEXT($D$3,"mmmm"),3)) & "'!B7") -> 46020 | D8: =INDIRECT("'" & UPPER(LEFT(TEXT($D$3,"mmmm"),3)) & "'!B11") -> 0
A9: =IF(MONTH(C9)=MONTH(D$3),RIGHT('Yearly Info'!A$15,LEN('Yearly Info'!A$15)-4),"") | C9: =C8 -> 46020 | D9: =INDIRECT("'" & UPPER(LEFT(TEXT($D$3,"mmmm"),3)) & "'!B12") -> 0
A10: =IF(MONTH(C10)=MONTH(D$3),RIGHT('Yearly Info'!A$16,LEN('Yearly Info'!A$16)-4),"") | C10: =C9 -> 46020 | D10: =INDIRECT("'" & UPPER(LEFT(TEXT($D$3,"mmmm"),3)) & "'!B13") -> 0
A11: =IF(MONTH(C11)=MONTH(D$3),RIGHT('Yearly Info'!A$17,LEN('Yearly Info'!A$17)-4),"") | C11: =C10 -> 46020 | D11: =INDIRECT("'" & UPPER(LEFT(TEXT($D$3,"mmmm"),3)) & "'!B14") -> 0
A12: =IF(MONTH(C12)=MONTH(D$3),RIGHT('Yearly Info'!A$18,LEN('Yearly Info'!A$18)-4),"") | C12: =C11 -> 46020 | D12: =INDIRECT("'" & UPPER(LEFT(TEXT($D$3,"mmmm"),3)) & "'!B15") -> 0
A13: =IF(MONTH(C13)=MONTH(D$3),RIGHT('Yearly Info'!A$19,LEN('Yearly Info'!A$19)-4),"") | C13: =C12 -> 46020 | D13: =INDIRECT("'" & UPPER(LEFT(TEXT($D$3,"mmmm"),3)) & "'!B16") -> 0
A14: =IF(MONTH(C14)=MONTH(D$3),RIGHT('Yearly Info'!A$20,LEN('Yearly Info'!A$20)-4),"") | C14: =C13 -> 46020 | D14: =INDIRECT("'" & UPPER(LEFT(TEXT($D$3,"mmmm"),3)) & "'!B17") -> 0
A15: =IF(MONTH(C15)=MONTH(D$3),RIGHT('Yearly Info'!A$21,LEN('Yearly Info'!A$21)-4),"") | C15: =C14 -> 46020 | D15: =INDIRECT("'" & UPPER(LEFT(TEXT($D$3,"mmmm"),3)) & "'!B18") -> 0
A16: =IF(MONTH(C16)=MONTH(D$3),RIGHT('Yearly Info'!A$22,LEN('Yearly Info'!A$22)-4),"") | C16: =C15 -> 46020 | D16: =INDIRECT("'" & UPPER(LEFT(TEXT($D$3,"mmmm"),3)) & "'!B19") -> 0
A17: =IF(MONTH(C17)=MONTH(D$3),RIGHT('Yearly Info'!A$23,LEN('Yearly Info'!A$23)-4),"") | C17: =C16 -> 46020 | D17: =INDIRECT("'" & UPPER(LEFT(TEXT($D$3,"mmmm"),3)) & "'!B20") -> 0
A18: =IF(MONTH(C18)=MONTH(D$3),RIGHT('Yearly Info'!A$24,LEN('Yearly Info'!A$24)-4),"") | C18: =C17 -> 46020 | D18: =INDIRECT("'" & UPPER(LEFT(TEXT($D$3,"mmmm"),3)) & "'!B21") -> 0
A19: =IF(MONTH(C19)=MONTH(D$3),RIGHT('Yearly Info'!A$25,LEN('Yearly Info'!A$25)-4),"") | C19: =C18 -> 46020 | D19: =INDIRECT("'" & UPPER(LEFT(TEXT($D$3,"mmmm"),3)) & "'!B22") -> 0
A20: =IF(MONTH(C20)=MONTH(D$3),RIGHT('Yearly Info'!A$26,LEN('Yearly Info'!A$26)-4),"") | C20: =C19 -> 46020 | D20: =INDIRECT("'" & UPPER(LEFT(TEXT($D$3,"mmmm"),3)) & "'!B23") -> 0
A21: =IF(MONTH(C21)=MONTH(D$3),RIGHT('Yearly Info'!A$27,LEN('Yearly Info'!A$27)-4),"") | C21: =C20 -> 46020 | D21: =INDIRECT("'" & UPPER(LEFT(TEXT($D$3,"mmmm"),3)) & "'!B24") -> 0
A22: =IF(MONTH(C22)=MONTH(D$3),RIGHT('Yearly Info'!A$28,LEN('Yearly Info'!A$28)-4),"") | C22: =C21 -> 46020 | D22: =INDIRECT("'" & UPPER(LEFT(TEXT($D$3,"mmmm"),3)) & "'!B25") -> 0
A23: =IF(MONTH(C23)=MONTH(D$3),RIGHT('Yearly Info'!A$29,LEN('Yearly Info'!A$29)-4),"") | C23: =C22 -> 46020 | D23: =INDIRECT("'" & UPPER(LEFT(TEXT($D$3,"mmmm"),3)) & "'!B26") -> 0
A24: =IF(MONTH(C24)=MONTH(D$3),RIGHT('Yearly Info'!A$30,LEN('Yearly Info'!A$30)-4),"") | C24: =C23 -> 46020 | D24: =INDIRECT("'" & UPPER(LEFT(TEXT($D$3,"mmmm"),3)) & "'!B27") -> 0
A25: =IF(MONTH(C25)=MONTH(D$3),RIGHT('Yearly Info'!A$31,LEN('Yearly Info'!A$31)-4),"") | C25: =C24 -> 46020 | D25: =INDIRECT("'" & UPPER(LEFT(TEXT($D$3,"mmmm"),3)) & "'!B28") -> 0
A26: =IF(MONTH(C26)=MONTH(D$3),RIGHT('Yearly Info'!A$32,LEN('Yearly Info'!A$32)-4),"") | C26: =C25 -> 46020 | D26: =INDIRECT("'" & UPPER(LEFT(TEXT($D$3,"mmmm"),3)) & "'!B29") -> 0
A27: =IF(MONTH(C27)=MONTH(D$3),RIGHT('Yearly Info'!A$33,LEN('Yearly Info'!A$33)-4),"") | C27: =C26 -> 46020 | D27: =INDIRECT("'" & UPPER(LEFT(TEXT($D$3,"mmmm"),3)) & "'!B30") -> 0
A28: =IF(MONTH(C28)=MONTH(D$3),RIGHT('Yearly Info'!A$34,LEN('Yearly Info'!A$34)-4),"") | C28: =C27 -> 46020 | D28: =INDIRECT("'" & UPPER(LEFT(TEXT($D$3,"mmmm"),3)) & "'!B31") -> 0
A29: =IF(MONTH(C29)=MONTH(D$3),RIGHT('Yearly Info'!A$35,LEN('Yearly Info'!A$35)-4),"") | C29: =C28 -> 46020 | D29: =INDIRECT("'" & UPPER(LEFT(TEXT($D$3,"mmmm"),3)) & "'!B32") -> 0
A30: =IF(MONTH(C30)=MONTH(D$3),RIGHT('Yearly Info'!A$36,LEN('Yearly Info'!A$36)-4),"") | C30: =C29 -> 46020 | D30: =INDIRECT("'" & UPPER(LEFT(TEXT($D$3,"mmmm"),3)) & "'!B33") -> 0
A31: =IF(MONTH(C31)=MONTH(D$3),RIGHT('Yearly Info'!A$37,LEN('Yearly Info'!A$37)-4),"") | C31: =C30 -> 46020 | D31: =INDIRECT("'" & UPPER(LEFT(TEXT($D$3,"mmmm"),3)) & "'!B34") -> 0
A32: =IF(MONTH(C32)=MONTH(D$3),RIGHT('Yearly Info'!A$38,LEN('Yearly Info'!A$38)-4),"") | C32: =C31 -> 46020 | D32: =INDIRECT("'" & UPPER(LEFT(TEXT($D$3,"mmmm"),3)) & "'!B35") -> 0
A33: =IF(MONTH(C33)=MONTH(D$3),RIGHT('Yearly Info'!A$39,LEN('Yearly Info'!A$39)-4),"") | C33: =C32 -> 46020 | D33: =INDIRECT("'" & UPPER(LEFT(TEXT($D$3,"mmmm"),3)) & "'!B36") -> 0
A34: =IF(MONTH(C34)=MONTH(D$3),RIGHT('Yearly Info'!A$40,LEN('Yearly Info'!A$40)-4),"") | C34: =C33 -> 46020 | D34: =INDIRECT("'" & UPPER(LEFT(TEXT($D$3,"mmmm"),3)) & "'!B37") -> 0
A35: =IF(MONTH(C35)=MONTH(D$3),RIGHT('Yearly Info'!A$41,LEN('Yearly Info'!A$41)-4),"") | C35: =C34 -> 46020 | D35: =INDIRECT("'" & UPPER(LEFT(TEXT($D$3,"mmmm"),3)) & "'!B38") -> 0
A36: =IF(MONTH(C36)=MONTH(D$3),RIGHT('Yearly Info'!A$42,LEN('Yearly Info'!A$42)-4),"") | C36: =C35 -> 46020 | D36: =INDIRECT("'" & UPPER(LEFT(TEXT($D$3,"mmmm"),3)) & "'!B39") -> 0
A37: =IF(MONTH(C37)=MONTH(D$3),RIGHT('Yearly Info'!A$43,LEN('Yearly Info'!A$43)-4),"") | C37: =C36 -> 46020 | D37: =INDIRECT("'" & UPPER(LEFT(TEXT($D$3,"mmmm"),3)) & "'!B40") -> 0
A38: =IF(MONTH(C38)=MONTH(D$3),RIGHT('Yearly Info'!A$14,LEN('Yearly Info'!A$14)-4),"") | B38: =TEXT(C38,"dddd") -> Tuesday | C38: =C8+1 -> 46021 | D38: =INDIRECT("'" & UPPER(TEXT($D$3,"mmm")) & "'!C11") -> 0
A39: =IF(MONTH(C39)=MONTH(D$3),RIGHT('Yearly Info'!A$15,LEN('Yearly Info'!A$15)-4),"") | C39: =C38 -> 46021 | D39: =INDIRECT("'" & UPPER(LEFT(TEXT($D$3,"mmmm"),3)) & "'!C12") -> 0
A40: =IF(MONTH(C40)=MONTH(D$3),RIGHT('Yearly Info'!A$16,LEN('Yearly Info'!A$16)-4),"") | C40: =C39 -> 46021 | D40: =INDIRECT("'" & UPPER(LEFT(TEXT($D$3,"mmmm"),3)) & "'!C13") -> 0
A41: =IF(MONTH(C41)=MONTH(D$3),RIGHT('Yearly Info'!A$17,LEN('Yearly Info'!A$17)-4),"") | C41: =C40 -> 46021 | D41: =INDIRECT("'" & UPPER(LEFT(TEXT($D$3,"mmmm"),3)) & "'!C14") -> 0
A42: =IF(MONTH(C42)=MONTH(D$3),RIGHT('Yearly Info'!A$18,LEN('Yearly Info'!A$18)-4),"") | C42: =C41 -> 46021 | D42: =INDIRECT("'" & UPPER(LEFT(TEXT($D$3,"mmmm"),3)) & "'!C15") -> 0
A43: =IF(MONTH(C43)=MONTH(D$3),RIGHT('Yearly Info'!A$19,LEN('Yearly Info'!A$19)-4),"") | C43: =C42 -> 46021 | D43: =INDIRECT("'" & UPPER(LEFT(TEXT($D$3,"mmmm"),3)) & "'!C16") -> 0
A44: =IF(MONTH(C44)=MONTH(D$3),RIGHT('Yearly Info'!A$20,LEN('Yearly Info'!A$20)-4),"") | C44: =C43 -> 46021 | D44: =INDIRECT("'" & UPPER(LEFT(TEXT($D$3,"mmmm"),3)) & "'!C17") -> 0
A45: =IF(MONTH(C45)=MONTH(D$3),RIGHT('Yearly Info'!A$21,LEN('Yearly Info'!A$21)-4),"") | C45: =C44 -> 46021 | D45: =INDIRECT("'" & UPPER(LEFT(TEXT($D$3,"mmmm"),3)) & "'!C18") -> 0
A46: =IF(MONTH(C46)=MONTH(D$3),RIGHT('Yearly Info'!A$22,LEN('Yearly Info'!A$22)-4),"") | C46: =C45 -> 46021 | D46: =INDIRECT("'" & UPPER(LEFT(TEXT($D$3,"mmmm"),3)) & "'!C19") -> 0
A47: =IF(MONTH(C47)=MONTH(D$3),RIGHT('Yearly Info'!A$23,LEN('Yearly Info'!A$23)-4),"") | C47: =C46 -> 46021 | D47: =INDIRECT("'" & UPPER(LEFT(TEXT($D$3,"mmmm"),3)) & "'!C20") -> 0
A48: =IF(MONTH(C48)=MONTH(D$3),RIGHT('Yearly Info'!A$24,LEN('Yearly Info'!A$24)-4),"") | C48: =C47 -> 46021 | D48: =INDIRECT("'" & UPPER(LEFT(TEXT($D$3,"mmmm"),3)) & "'!C21") -> 0
A49: =IF(MONTH(C49)=MONTH(D$3),RIGHT('Yearly Info'!A$25,LEN('Yearly Info'!A$25)-4),"") | C49: =C48 -> 46021 | D49: =INDIRECT("'" & UPPER(LEFT(TEXT($D$3,"mmmm"),3)) & "'!C22") -> 0
A50: =IF(MONTH(C50)=MONTH(D$3),RIGHT('Yearly Info'!A$26,LEN('Yearly Info'!A$26)-4),"") | C50: =C49 -> 46021 | D50: =INDIRECT("'" & UPPER(LEFT(TEXT($D$3,"mmmm"),3)) & "'!C23") -> 0
A51: =IF(MONTH(C51)=MONTH(D$3),RIGHT('Yearly Info'!A$27,LEN('Yearly Info'!A$27)-4),"") | C51: =C50 -> 46021 | D51: =INDIRECT("'" & UPPER(LEFT(TEXT($D$3,"mmmm"),3)) & "'!C24") -> 0
A52: =IF(MONTH(C52)=MONTH(D$3),RIGHT('Yearly Info'!A$28,LEN('Yearly Info'!A$28)-4),"") | C52: =C51 -> 46021 | D52: =INDIRECT("'" & UPPER(LEFT(TEXT($D$3,"mmmm"),3)) & "'!C25") -> 0
A53: =IF(MONTH(C53)=MONTH(D$3),RIGHT('Yearly Info'!A$29,LEN('Yearly Info'!A$29)-4),"") | C53: =C52 -> 46021 | D53: =INDIRECT("'" & UPPER(LEFT(TEXT($D$3,"mmmm"),3)) & "'!C26") -> 0
A54: =IF(MONTH(C54)=MONTH(D$3),RIGHT('Yearly Info'!A$30,LEN('Yearly Info'!A$30)-4),"") | C54: =C53 -> 46021 | D54: =INDIRECT("'" & UPPER(LEFT(TEXT($D$3,"mmmm"),3)) & "'!C27") -> 0
A55: =IF(MONTH(C55)=MONTH(D$3),RIGHT('Yearly Info'!A$31,LEN('Yearly Info'!A$31)-4),"") | C55: =C54 -> 46021 | D55: =INDIRECT("'" & UPPER(LEFT(TEXT($D$3,"mmmm"),3)) & "'!C28") -> 0
A56: =IF(MONTH(C56)=MONTH(D$3),RIGHT('Yearly Info'!A$32,LEN('Yearly Info'!A$32)-4),"") | C56: =C55 -> 46021 | D56: =INDIRECT("'" & UPPER(LEFT(TEXT($D$3,"mmmm"),3)) & "'!C29") -> 0
A57: =IF(MONTH(C57)=MONTH(D$3),RIGHT('Yearly Info'!A$33,LEN('Yearly Info'!A$33)-4),"") | C57: =C56 -> 46021 | D57: =INDIRECT("'" & UPPER(LEFT(TEXT($D$3,"mmmm"),3)) & "'!C30") -> 0
A58: =IF(MONTH(C58)=MONTH(D$3),RIGHT('Yearly Info'!A$34,LEN('Yearly Info'!A$34)-4),"") | C58: =C57 -> 46021 | D58: =INDIRECT("'" & UPPER(LEFT(TEXT($D$3,"mmmm"),3)) & "'!C31") -> 0
A59: =IF(MONTH(C59)=MONTH(D$3),RIGHT('Yearly Info'!A$35,LEN('Yearly Info'!A$35)-4),"") | C59: =C58 -> 46021 | D59: =INDIRECT("'" & UPPER(LEFT(TEXT($D$3,"mmmm"),3)) & "'!C32") -> 0
A60: =IF(MONTH(C60)=MONTH(D$3),RIGHT('Yearly Info'!A$36,LEN('Yearly Info'!A$36)-4),"") | C60: =C59 -> 46021 | D60: =INDIRECT("'" & UPPER(LEFT(TEXT($D$3,"mmmm"),3)) & "'!C33") -> 0
A61: =IF(MONTH(C61)=MONTH(D$3),RIGHT('Yearly Info'!A$37,LEN('Yearly Info'!A$37)-4),"") | C61: =C60 -> 46021 | D61: =INDIRECT("'" & UPPER(LEFT(TEXT($D$3,"mmmm"),3)) & "'!C34") -> 0
A62: =IF(MONTH(C62)=MONTH(D$3),RIGHT('Yearly Info'!A$38,LEN('Yearly Info'!A$38)-4),"") | C62: =C61 -> 46021 | D62: =INDIRECT("'" & UPPER(LEFT(TEXT($D$3,"mmmm"),3)) & "'!C35") -> 0
A63: =IF(MONTH(C63)=MONTH(D$3),RIGHT('Yearly Info'!A$39,LEN('Yearly Info'!A$39)-4),"") | C63: =C62 -> 46021 | D63: =INDIRECT("'" & UPPER(LEFT(TEXT($D$3,"mmmm"),3)) & "'!C36") -> 0
A64: =IF(MONTH(C64)=MONTH(D$3),RIGHT('Yearly Info'!A$40,LEN('Yearly Info'!A$40)-4),"") | C64: =C63 -> 46021 | D64: =INDIRECT("'" & UPPER(LEFT(TEXT($D$3,"mmmm"),3)) & "'!C37") -> 0
A65: =IF(MONTH(C65)=MONTH(D$3),RIGHT('Yearly Info'!A$41,LEN('Yearly Info'!A$41)-4),"") | C65: =C64 -> 46021 | D65: =INDIRECT("'" & UPPER(LEFT(TEXT($D$3,"mmmm"),3)) & "'!C38") -> 0
A66: =IF(MONTH(C66)=MONTH(D$3),RIGHT('Yearly Info'!A$42,LEN('Yearly Info'!A$42)-4),"") | C66: =C65 -> 46021 | D66: =INDIRECT("'" & UPPER(LEFT(TEXT($D$3,"mmmm"),3)) & "'!C39") -> 0
A67: =IF(MONTH(C67)=MONTH(D$3),RIGHT('Yearly Info'!A$43,LEN('Yearly Info'!A$43)-4),"") | C67: =C58 -> 46021 | D67: =INDIRECT("'" & UPPER(LEFT(TEXT($D$3,"mmmm"),3)) & "'!C40") -> 0
A68: =IF(MONTH(C68)=MONTH(D$3),RIGHT('Yearly Info'!A$14,LEN('Yearly Info'!A$14)-4),"") | B68: =TEXT(C68,"dddd") -> Wednesday | C68: =C38+1 -> 46022 | D68: =INDIRECT("'" & UPPER(LEFT(TEXT($D$3,"mmmm"),3)) & "'!D11") -> 0
A69: =IF(MONTH(C69)=MONTH(D$3),RIGHT('Yearly Info'!A$15,LEN('Yearly Info'!A$15)-4),"") | C69: =C68 -> 46022 | D69: =INDIRECT("'" & UPPER(LEFT(TEXT($D$3,"mmmm"),3)) & "'!D12") -> 0
A70: =IF(MONTH(C70)=MONTH(D$3),RIGHT('Yearly Info'!A$16,LEN('Yearly Info'!A$16)-4),"") | C70: =C69 -> 46022 | D70: =INDIRECT("'" & UPPER(LEFT(TEXT($D$3,"mmmm"),3)) & "'!D13") -> 0
A71: =IF(MONTH(C71)=MONTH(D$3),RIGHT('Yearly Info'!A$17,LEN('Yearly Info'!A$17)-4),"") | C71: =C70 -> 46022 | D71: =INDIRECT("'" & UPPER(LEFT(TEXT($D$3,"mmmm"),3)) & "'!D14") -> 0
A72: =IF(MONTH(C72)=MONTH(D$3),RIGHT('Yearly Info'!A$18,LEN('Yearly Info'!A$18)-4),"") | C72: =C71 -> 46022 | D72: =INDIRECT("'" & UPPER(LEFT(TEXT($D$3,"mmmm"),3)) & "'!D15") -> 0
A73: =IF(MONTH(C73)=MONTH(D$3),RIGHT('Yearly Info'!A$19,LEN('Yearly Info'!A$19)-4),"") | C73: =C72 -> 46022 | D73: =INDIRECT("'" & UPPER(LEFT(TEXT($D$3,"mmmm"),3)) & "'!D16") -> 0
A74: =IF(MONTH(C74)=MONTH(D$3),RIGHT('Yearly Info'!A$20,LEN('Yearly Info'!A$20)-4),"") | C74: =C73 -> 46022 | D74: =INDIRECT("'" & UPPER(LEFT(TEXT($D$3,"mmmm"),3)) & "'!D17") -> 0
A75: =IF(MONTH(C75)=MONTH(D$3),RIGHT('Yearly Info'!A$21,LEN('Yearly Info'!A$21)-4),"") | C75: =C74 -> 46022 | D75: =INDIRECT("'" & UPPER(LEFT(TEXT($D$3,"mmmm"),3)) & "'!D18") -> 0
A76: =IF(MONTH(C76)=MONTH(D$3),RIGHT('Yearly Info'!A$22,LEN('Yearly Info'!A$22)-4),"") | C76: =C75 -> 46022 | D76: =INDIRECT("'" & UPPER(LEFT(TEXT($D$3,"mmmm"),3)) & "'!D19") -> 0
A77: =IF(MONTH(C77)=MONTH(D$3),RIGHT('Yearly Info'!A$23,LEN('Yearly Info'!A$23)-4),"") | C77: =C76 -> 46022 | D77: =INDIRECT("'" & UPPER(LEFT(TEXT($D$3,"mmmm"),3)) & "'!D20") -> 0
A78: =IF(MONTH(C78)=MONTH(D$3),RIGHT('Yearly Info'!A$24,LEN('Yearly Info'!A$24)-4),"") | C78: =C77 -> 46022 | D78: =INDIRECT("'" & UPPER(LEFT(TEXT($D$3,"mmmm"),3)) & "'!D21") -> 0
A79: =IF(MONTH(C79)=MONTH(D$3),RIGHT('Yearly Info'!A$25,LEN('Yearly Info'!A$25)-4),"") | C79: =C78 -> 46022 | D79: =INDIRECT("'" & UPPER(LEFT(TEXT($D$3,"mmmm"),3)) & "'!D22") -> 0
A80: =IF(MONTH(C80)=MONTH(D$3),RIGHT('Yearly Info'!A$26,LEN('Yearly Info'!A$26)-4),"") | C80: =C79 -> 46022 | D80: =INDIRECT("'" & UPPER(LEFT(TEXT($D$3,"mmmm"),3)) & "'!D23") -> 0
A81: =IF(MONTH(C81)=MONTH(D$3),RIGHT('Yearly Info'!A$27,LEN('Yearly Info'!A$27)-4),"") | C81: =C80 -> 46022 | D81: =INDIRECT("'" & UPPER(LEFT(TEXT($D$3,"mmmm"),3)) & "'!D24") -> 0
A82: =IF(MONTH(C82)=MONTH(D$3),RIGHT('Yearly Info'!A$28,LEN('Yearly Info'!A$28)-4),"") | C82: =C81 -> 46022 | D82: =INDIRECT("'" & UPPER(LEFT(TEXT($D$3,"mmmm"),3)) & "'!D25") -> 0
A83: =IF(MONTH(C83)=MONTH(D$3),RIGHT('Yearly Info'!A$29,LEN('Yearly Info'!A$29)-4),"") | C83: =C82 -> 46022 | D83: =INDIRECT("'" & UPPER(LEFT(TEXT($D$3,"mmmm"),3)) & "'!D26") -> 0
A84: =IF(MONTH(C84)=MONTH(D$3),RIGHT('Yearly Info'!A$30,LEN('Yearly Info'!A$30)-4),"") | C84: =C83 -> 46022 | D84: =INDIRECT("'" & UPPER(LEFT(TEXT($D$3,"mmmm"),3)) & "'!D27") -> 0
A85: =IF(MONTH(C85)=MONTH(D$3),RIGHT('Yearly Info'!A$31,LEN('Yearly Info'!A$31)-4),"") | C85: =C84 -> 46022 | D85: =INDIRECT("'" & UPPER(LEFT(TEXT($D$3,"mmmm"),3)) & "'!D28") -> 0
A86: =IF(MONTH(C86)=MONTH(D$3),RIGHT('Yearly Info'!A$32,LEN('Yearly Info'!A$32)-4),"") | C86: =C85 -> 46022 | D86: =INDIRECT("'" & UPPER(LEFT(TEXT($D$3,"mmmm"),3)) & "'!D29") -> 0
A87: =IF(MONTH(C87)=MONTH(D$3),RIGHT('Yearly Info'!A$33,LEN('Yearly Info'!A$33)-4),"") | C87: =C86 -> 46022 | D87: =INDIRECT("'" & UPPER(LEFT(TEXT($D$3,"mmmm"),3)) & "'!D30") -> 0
A88: =IF(MONTH(C88)=MONTH(D$3),RIGHT('Yearly Info'!A$34,LEN('Yearly Info'!A$34)-4),"") | C88: =C87 -> 46022 | D88: =INDIRECT("'" & UPPER(LEFT(TEXT($D$3,"mmmm"),3)) & "'!D31") -> 0
A89: =IF(MONTH(C89)=MONTH(D$3),RIGHT('Yearly Info'!A$35,LEN('Yearly Info'!A$35)-4),"") | C89: =C88 -> 46022 | D89: =INDIRECT("'" & UPPER(LEFT(TEXT($D$3,"mmmm"),3)) & "'!D32") -> 0
A90: =IF(MONTH(C90)=MONTH(D$3),RIGHT('Yearly Info'!A$36,LEN('Yearly Info'!A$36)-4),"") | C90: =C89 -> 46022 | D90: =INDIRECT("'" & UPPER(LEFT(TEXT($D$3,"mmmm"),3)) & "'!D33") -> 0
A91: =IF(MONTH(C91)=MONTH(D$3),RIGHT('Yearly Info'!A$37,LEN('Yearly Info'!A$37)-4),"") | C91: =C90 -> 46022 | D91: =INDIRECT("'" & UPPER(LEFT(TEXT($D$3,"mmmm"),3)) & "'!D34") -> 0
A92: =IF(MONTH(C92)=MONTH(D$3),RIGHT('Yearly Info'!A$38,LEN('Yearly Info'!A$38)-4),"") | C92: =C91 -> 46022 | D92: =INDIRECT("'" & UPPER(LEFT(TEXT($D$3,"mmmm"),3)) & "'!D35") -> 0
A93: =IF(MONTH(C93)=MONTH(D$3),RIGHT('Yearly Info'!A$39,LEN('Yearly Info'!A$39)-4),"") | C93: =C92 -> 46022 | D93: =INDIRECT("'" & UPPER(LEFT(TEXT($D$3,"mmmm"),3)) & "'!D36") -> 0
A94: =IF(MONTH(C94)=MONTH(D$3),RIGHT('Yearly Info'!A$40,LEN('Yearly Info'!A$40)-4),"") | C94: =C93 -> 46022 | D94: =INDIRECT("'" & UPPER(LEFT(TEXT($D$3,"mmmm"),3)) & "'!D37") -> 0
A95: =IF(MONTH(C95)=MONTH(D$3),RIGHT('Yearly Info'!A$41,LEN('Yearly Info'!A$41)-4),"") | C95: =C86 -> 46022 | D95: =INDIRECT("'" & UPPER(LEFT(TEXT($D$3,"mmmm"),3)) & "'!D38") -> 0
A96: =IF(MONTH(C96)=MONTH(D$3),RIGHT('Yearly Info'!A$42,LEN('Yearly Info'!A$42)-4),"") | C96: =C95 -> 46022 | D96: =INDIRECT("'" & UPPER(LEFT(TEXT($D$3,"mmmm"),3)) & "'!D39") -> 0
A97: =IF(MONTH(C97)=MONTH(D$3),RIGHT('Yearly Info'!A$43,LEN('Yearly Info'!A$43)-4),"") | C97: =C96 -> 46022 | D97: =INDIRECT("'" & UPPER(LEFT(TEXT($D$3,"mmmm"),3)) & "'!D40") -> 0
A98: =IF(MONTH(C98)=MONTH(D$3),RIGHT('Yearly Info'!A$14,LEN('Yearly Info'!A$14)-4),"") -> RICS Support for MDEQ | B98: =TEXT(C98,"dddd") -> Thursday | C98: =C68+1 -> 46023 | D98: =INDIRECT("'" & UPPER(LEFT(TEXT($D$3,"mmmm"),3)) & "'!E11") -> 0
A99: =IF(MONTH(C99)=MONTH(D$3),RIGHT('Yearly Info'!A$15,LEN('Yearly Info'!A$15)-4),"") -> MDEQ | C99: =C98 -> 46023 | D99: =INDIRECT("'" & UPPER(LEFT(TEXT($D$3,"mmmm"),3)) & "'!E12") -> 0
A100: =IF(MONTH(C100)=MONTH(D$3),RIGHT('Yearly Info'!A$16,LEN('Yearly Info'!A$16)-4),"") -> RICS Idea Portal | C100: =C99 -> 46023 | D100: =INDIRECT("'" & UPPER(LEFT(TEXT($D$3,"mmmm"),3)) & "'!E13") -> 0
A101: =IF(MONTH(C101)=MONTH(D$3),RIGHT('Yearly Info'!A$17,LEN('Yearly Info'!A$17)-4),"") -> MSWIS | C101: =C100 -> 46023 | D101: =INDIRECT("'" & UPPER(LEFT(TEXT($D$3,"mmmm"),3)) & "'!E14") -> 0
A102: =IF(MONTH(C102)=MONTH(D$3),RIGHT('Yearly Info'!A$18,LEN('Yearly Info'!A$18)-4),"") -> GeoSpatial | C102: =C101 -> 46023 | D102: =INDIRECT("'" & UPPER(LEFT(TEXT($D$3,"mmmm"),3)) & "'!E15") -> 0
A103: =IF(MONTH(C103)=MONTH(D$3),RIGHT('Yearly Info'!A$19,LEN('Yearly Info'!A$19)-4),"") -> RICS Dashboard | C103: =C102 -> 46023 | D103: =INDIRECT("'" & UPPER(LEFT(TEXT($D$3,"mmmm"),3)) & "'!E16") -> 0
A104: =IF(MONTH(C104)=MONTH(D$3),RIGHT('Yearly Info'!A$20,LEN('Yearly Info'!A$20)-4),"") -> MDWFP NRIS | C104: =C103 -> 46023 | D104: =INDIRECT("'" & UPPER(LEFT(TEXT($D$3,"mmmm"),3)) & "'!E17") -> 0
...

Sheet FEB
B2: MONTHLY TIME RECORD
B3: Name: | D3: ='Yearly Info'!A45 -> Don Woods
B4: Month: | D4: ='Yearly Info'!D2 -> 46054 | J4: Year: | L4: ='Yearly Info'!B1 -> 2026
A6: Project No. & Description | B6: Day of the Month | AI6: Total Hours
B7: =IF(WEEKDAY(D$4,2)>5,D$4+8 - WEEKDAY(D$4,2),D$4-(WEEKDAY(D$4,2)-1)) -> 46055 | C7: =B7+1 -> 46056 | D7: =C7+1 -> 46057 | E7: =D7+1 -> 46058 | F7: =E7+1 -> 46059 | G7: =F7+1 -> 46060 | H7: =G7+1 -> 46061 | I7: =H7+1 -> 46062 | J7: =I7+1 -> 46063 | ... AH7: =AG7+1 -> 46087 | AI7: Hours
B8: =HYPERLINK("#'"&UPPER(LEFT(TEXT($D$4,"mmmm"),3))&"-DEQ'!E8",TEXT(WEEKDAY(B7),"ddd")) -> Mon | C8: =HYPERLINK("#'"&UPPER(LEFT(TEXT($D$4,"mmmm"),3))&"-DEQ'!E15",TEXT(WEEKDAY(C7),"ddd")) -> Tue | D8: =HYPERLINK("#'"&UPPER(LEFT(TEXT($D$4,"mmmm"),3))&"-DEQ'!E22",TEXT(WEEKDAY(D7),"ddd")) -> Wed | E8: =HYPERLINK("#'"&UPPER(LEFT(TEXT($D$4,"mmmm"),3))&"-DEQ'!E29",TEXT(WEEKDAY(E7),"ddd")) -> Thu | F8: =HYPERLINK("#'"&UPPER(LEFT(TEXT($D$4,"mmmm"),3))&"-DEQ'!E36",TEXT(WEEKDAY(F7),"ddd")) -> Fri | G8: =LEFT(TEXT(WEEKDAY(G7),"ddd"),1) -> S | H8: =LEFT(TEXT(WEEKDAY(H7),"ddd"),1) -> S | I8: =HYPERLINK("#'"&UPPER(LEFT(TEXT($D$4,"mmmm"),3))&"-DEQ'!E43",TEXT(WEEKDAY(I7),"ddd")) -> Mon | J8: =HYPERLINK("#'"&UPPER(LEFT(TEXT($D$4,"mmmm"),3))&"-DEQ'!E50",TEXT(WEEKDAY(J7),"ddd")) -> Tue | K8: =HYPERLINK("#'"&UPPER(LEFT(TEXT($D$4,"mmmm"),3))&"-DEQ'!E57",TEXT(WEEKDAY(K7),"ddd")) -> Wed | L8: =HYPERLINK("#'"&UPPER(LEFT(TEXT($D$4,"mmmm"),3))&"-DEQ'!E64",TEXT(WEEKDAY(L7),"ddd")) -> Thu | M8: =HYPERLINK("#'"&UPPER(LEFT(TEXT($D$4,"mmmm"),3))&"-DEQ'!E71",TEXT(WEEKDAY(M7),"ddd")) -> Fri | N8: =LEFT(TEXT(WEEKDAY(N7),"ddd"),1) -> S | O8: =LEFT(TEXT(WEEKDAY(O7),"ddd"),1) -> S | P8: =HYPERLINK("#'"&UPPER(LEFT(TEXT($D$4,"mmmm"),3))&"-DEQ'!E78",TEXT(WEEKDAY(P7),"ddd")) -> Mon | Q8: =HYPERLINK("#'"&UPPER(LEFT(TEXT($D$4,"mmmm"),3))&"-DEQ'!E85",TEXT(WEEKDAY(Q7),"ddd")) -> Tue | R8: =HYPERLINK("#'"&UPPER(LEFT(TEXT($D$4,"mmmm"),3))&"-DEQ'!E92",TEXT(WEEKDAY(R7),"ddd")) -> Wed | S8: =HYPERLINK("#'"&UPPER(LEFT(TEXT($D$4,"mmmm"),3))&"-DEQ'!E99",TEXT(WEEKDAY(S7),"ddd")) -> Thu | T8: =HYPERLINK("#'"&UPPER(LEFT(TEXT($D$4,"mmmm"),3))&"-DEQ'!E106",TEXT(WEEKDAY(T7),"ddd")) -> Fri | U8: =LEFT(TEXT(WEEKDAY(U7),"ddd"),1) -> S | V8: =LEFT(TEXT(WEEKDAY(V7),"ddd"),1) -> S | W8: =HYPERLINK("#'"&UPPER(LEFT(TEXT($D$4,"mmmm"),3))&"-DEQ'!E113",TEXT(WEEKDAY(W7),"ddd")) -> Mon | X8: =HYPERLINK("#'"&UPPER(LEFT(TEXT($D$4,"mmmm"),3))&"-DEQ'!E120",TEXT(WEEKDAY(X7),"ddd")) -> Tue | Y8: =HYPERLINK("#'"&UPPER(LEFT(TEXT($D$4,"mmmm"),3))&"-DEQ'!E127",TEXT(WEEKDAY(Y7),"ddd")) -> Wed | Z8: =HYPERLINK("#'"&UPPER(LEFT(TEXT($D$4,"mmmm"),3))&"-DEQ'!E134",TEXT(WEEKDAY(Z7),"ddd")) -> Thu | AA8: =HYPERLINK("#'"&UPPER(LEFT(TEXT($D$4,"mmmm"),3))&"-DEQ'!E141",TEXT(WEEKDAY(AA7),"ddd")) -> Fri | AB8: =LEFT(TEXT(WEEKDAY(AB7),"ddd"),1) -> S | AC8: =LEFT(TEXT(WEEKDAY(AC7),"ddd"),1) -> S | AD8: =HYPERLINK("#'"&UPPER(LEFT(TEXT($D$4,"mmmm"),3))&"-DEQ'!E149",TEXT(WEEKDAY(AD7),"ddd")) -> Mon | AE8: =HYPERLINK("#'"&UPPER(LEFT(TEXT($D$4,"mmmm"),3))&"-DEQ'!E155",TEXT(WEEKDAY(AE7),"ddd")) -> Tue | AF8: =HYPERLINK("#'"&UPPER(LEFT(TEXT($D$4,"mmmm"),3))&"-DEQ'!E162",TEXT(WEEKDAY(AF7),"ddd")) -> Wed | AG8: =HYPERLINK("#'"&UPPER(LEFT(TEXT($D$4,"mmmm"),3))&"-DEQ'!E169",TEXT(WEEKDAY(AG7),"ddd")) -> Thu | AH8: =HYPERLINK("#'"&UPPER(LEFT(TEXT($D$4,"mmmm"),3))&"-DEQ'!E176",TEXT(WEEKDAY(AH7),"ddd")) -> Fri
A9: Hours
A10: ='Yearly Info'!A13 -> Enter Job #s on Yearly Info Tab
A11: ='Yearly Info'!A14 -> RICS Support for MDEQ | B11: 7 | C11: 5 | D11: 7 | E11: 5 | F11: 3 | L11: 3 | S11: 3 | T11: 8 | W11: 4 | Y11: 4 | Z11: 6 | AA11: 2 | AI11: =SUM(B11:AH11) -> 57
A12: ='Yearly Info'!A15 -> MDEQ | AI12: =SUM(B12:AH12) -> 0
A13: ='Yearly Info'!A16 -> RICS Idea Portal | AI13: =SUM(B13:AH13) -> 0
A14: ='Yearly Info'!A17 -> MSWIS | C14: 4 | D14: 1 | E14: 3 | F14: 4 | I14: 8 | J14: 8 | K14: 8 | L14: 5 | M14: 8 | Q14: 10 | R14: 6 | S14: 5 | W14: 2 | X14: 2 | AA14: 1 | AI14: =SUM(B14:AH14) -> 75
A15: ='Yearly Info'!A18 -> GeoSpatial | AI15: =SUM(B15:AH15) -> 0
A16: ='Yearly Info'!A19 -> RICS Dashboard | W16: 1 | AI16: =SUM(B16:AH16) -> 1
A17: ='Yearly Info'!A20 -> MDWFP NRIS | F17: 1 | R17: 3 | X17: 1 | AI17: =SUM(B17:AH17) -> 5
A18: ='Yearly Info'!A21 -> MSWIS MRVA 4 CLOSED | X18: 5 | Z18: 4 | AA18: 3 | AI18: =SUM(B18:AH18) -> 12
A19: ='Yearly Info'!A22 -> Tackett | W19: 1 | Y19: 4 | AI19: =SUM(B19:AH19) -> 5
A20: ='Yearly Info'!A23 -> 0 | AI20: =SUM(B20:AH20) -> 0
A21: ='Yearly Info'!A24 -> 0 | AI21: =SUM(B21:AH21) -> 0
A22: ='Yearly Info'!A25 -> 0 | AI22: =SUM(B22:AH22) -> 0
A23: ='Yearly Info'!A26 -> 0 | AI23: =SUM(B23:AH23) -> 0
A24: ='Yearly Info'!A27 -> 0 | AI24: =SUM(B24:AH24) -> 0
A25: ='Yearly Info'!A28 -> 0 | AI25: =SUM(B25:AH25) -> 0
A26: ='Yearly Info'!A29 -> 0 | AI26: =SUM(B26:AH26) -> 0
A27: ='Yearly Info'!A30 -> 0 | AI27: =SUM(B27:AH27) -> 0
A28: ='Yearly Info'!A31 -> 0 | AI28: =SUM(B28:AH28) -> 0
A29: ='Yearly Info'!A32 -> 0 | AI29: =SUM(B29:AH29) -> 0
A30: ='Yearly Info'!A33 -> 0 | AI30: =SUM(B30:AH30) -> 0
A31: ='Yearly Info'!A34 -> 0 | AI31: =SUM(B31:AH31) -> 0
... A40: ='Yearly Info'!A43 | AI40: =SUM(B40:AH40) -> 0
AI41: =SUM(B41:AH41) -> 0
A42: Total | B42: =SUM(B9:B40) -> 7 | C42: =SUM(C9:C40) -> 9 | D42: =SUM(D9:D40) -> 8 | E42: =SUM(E9:E40) -> 8 | F42: =SUM(F9:F40) -> 8 | G42: =SUM(G9:G40) -> 0 | H42: =SUM(H9:H40) -> 0 | I42: =SUM(I9:I40) -> 8 | ... AE42: =SUM(AE9:AE40) -> 0 | AF42: =SUM(AF9:AF41) -> 0 | AG42: =SUM(AG9:AG40) -> 0 | AH42: =SUM(AH9:AH40) -> 0 | AI42: =SUM(AI11:AI41) -> 155
A43: Leave - Holiday | B43: =IF(B7<$D$4,0, IF(B7='Yearly Info'!$C2, 8, IF(B7='Yearly Info'!$C3, 8, IF(B7='Yearly Info'!$C4, 8, IF(B7='Yearly Info'!$C5, 8, IF(B7='Yearly Info'!$C6, 8, IF(B7='Yearly Info'!$C7, 8, IF(B7='Yearly Info'!$C8, 8, IF(B7='Yearly Info'!$C9, 8, IF(B7='Yearly Info'!$C10, 8, IF(B7='Yearly Info'!$C11,8,0))))))))))) -> 0 | C43: =IF(C7<$D$4,0, IF(C7='Yearly Info'!$C2, 8, IF(C7='Yearly Info'!$C3, 8, IF(C7='Yearly Info'!$C4, 8, IF(C7='Yearly Info'!$C5, 8, IF(C7='Yearly Info'!$C6, 8, IF(C7='Yearly Info'!$C7, 8, IF(C7='Yearly Info'!$C8, 8, IF(C7='Yearly Info'!$C9, 8, IF(C7='Yearly Info'!$C10, 8, IF(C7='Yearly Info'!$C11,8,0))))))))))) -> 0 | D43: =IF(D7<$D$4,0, IF(D7='Yearly Info'!$C2, 8, IF(D7='Yearly Info'!$C3, 8, IF(D7='Yearly Info'!$C4, 8, IF(D7='Yearly Info'!$C5, 8, IF(D7='Yearly Info'!$C6, 8, IF(D7='Yearly Info'!$C7, 8, IF(D7='Yearly Info'!$C8, 8, IF(D7='Yearly Info'!$C9, 8, IF(D7='Yearly Info'!$C10, 8, IF(D7='Yearly Info'!$C11,8,0))))))))))) -> 0 | E43: =IF(E7<$D$4,0, IF(E7='Yearly Info'!$C2, 8, IF(E7='Yearly Info'!$C3, 8, IF(E7='Yearly Info'!$C4, 8, IF(E7='Yearly Info'!$C5, 8, IF(E7='Yearly Info'!$C6, 8, IF(E7='Yearly Info'!$C7, 8, IF(E7='Yearly Info'!$C8, 8, IF(E7='Yearly Info'!$C9, 8, IF(E7='Yearly Info'!$C10, 8, IF(E7='Yearly Info'!$C11,8,0))))))))))) -> 0 | F43: =IF(F7<$D$4,0, IF(F7='Yearly Info'!$C2, 8, IF(F7='Yearly Info'!$C3, 8, IF(F7='Yearly Info'!$C4, 8, IF(F7='Yearly Info'!$C5, 8, IF(F7='Yearly Info'!$C6, 8, IF(F7='Yearly Info'!$C7, 8, IF(F7='Yearly Info'!$C8, 8, IF(F7='Yearly Info'!$C9, 8, IF(F7='Yearly Info'!$C10, 8, IF(F7='Yearly Info'!$C11,8,0))))))))))) -> 0 | G43: =IF(G7='Yearly Info'!$C2, 8, IF(G7='Yearly Info'!$C3, 8, IF(G7='Yearly Info'!$C4, 8, IF(G7='Yearly Info'!$C5, 8, IF(G7='Yearly Info'!$C6, 8, IF(G7='Yearly Info'!$C7, 8, IF(G7='Yearly Info'!$C8, 8, IF(G7='Yearly Info'!$C9, 8, IF(G7='Yearly Info'!$C10, 8, IF(G7='Yearly Info'!$C11,8,0)))))))))) -> 0 | H43: =IF(H7='Yearly Info'!$C2, 8, IF(H7='Yearly Info'!$C3, 8, IF(H7='Yearly Info'!$C4, 8, IF(H7='Yearly Info'!$C5, 8, IF(H7='Yearly Info'!$C6, 8, IF(H7='Yearly Info'!$C7, 8, IF(H7='Yearly Info'!$C8, 8, IF(H7='Yearly Info'!$C9, 8, IF(H7='Yearly Info'!$C10, 8, IF(H7='Yearly Info'!$C11,8,0)))))))))) -> 0 | I43: =IF(I7='Yearly Info'!$C2, 8, IF(I7='Yearly Info'!$C3, 8, IF(I7='Yearly Info'!$C4, 8, IF(I7='Yearly Info'!$C5, 8, IF(I7='Yearly Info'!$C6, 8, IF(I7='Yearly Info'!$C7, 8, IF(I7='Yearly Info'!$C8, 8, IF(I7='Yearly Info'!$C9, 8, IF(I7='Yearly Info'!$C10, 8, IF(I7='Yearly Info'!$C11,8,0)))))))))) -> 0 | J43: =IF(J7='Yearly Info'!$C2, 8, IF(J7='Yearly Info'!$C3, 8, IF(J7='Yearly Info'!$C4, 8, IF(J7='Yearly Info'!$C5, 8, IF(J7='Yearly Info'!$C6, 8, IF(J7='Yearly Info'!$C7, 8, IF(J7='Yearly Info'!$C8, 8, IF(J7='Yearly Info'!$C9, 8, IF(J7='Yearly Info'!$C10, 8, IF(J7='Yearly Info'!$C11,8,0)))))))))) -> 0 | K43: =IF(K7='Yearly Info'!$C2, 8, IF(K7='Yearly Info'!$C3, 8, IF(K7='Yearly Info'!$C4, 8, IF(K7='Yearly Info'!$C5, 8, IF(K7='Yearly Info'!$C6, 8, IF(K7='Yearly Info'!$C7, 8, IF(K7='Yearly Info'!$C8, 8, IF(K7='Yearly Info'!$C9, 8, IF(K7='Yearly Info'!$C10, 8, IF(K7='Yearly Info'!$C11,8,0)))))))))) -> 0 | L43: =IF(L7='Yearly Info'!$C2, 8, IF(L7='Yearly Info'!$C3, 8, IF(L7='Yearly Info'!$C4, 8, IF(L7='Yearly Info'!$C5, 8, IF(L7='Yearly Info'!$C6, 8, IF(L7='Yearly Info'!$C7, 8, IF(L7='Yearly Info'!$C8, 8, IF(L7='Yearly Info'!$C9, 8, IF(L7='Yearly Info'!$C10, 8, IF(L7='Yearly Info'!$C11,8,0)))))))))) -> 0 | M43: =IF(M7='Yearly Info'!$C2, 8, IF(M7='Yearly Info'!$C3, 8, IF(M7='Yearly Info'!$C4, 8, IF(M7='Yearly Info'!$C5, 8, IF(M7='Yearly Info'!$C6, 8, IF(M7='Yearly Info'!$C7, 8, IF(M7='Yearly Info'!$C8, 8, IF(M7='Yearly Info'!$C9, 8, IF(M7='Yearly Info'!$C10, 8, IF(M7='Yearly Info'!$C11,8,0)))))))))) -> 0 | N43: =IF(N7='Yearly Info'!$C2, 8, IF(N7='Yearly Info'!$C3, 8, IF(N7='Yearly Info'!$C4, 8, IF(N7='Yearly Info'!$C5, 8, IF(N7='Yearly Info'!$C6, 8, IF(N7='Yearly Info'!$C7, 8, IF(N7='Yearly Info'!$C8, 8, IF(N7='Yearly Info'!$C9, 8, IF(N7='Yearly Info'!$C10, 8, IF(N7='Yearly Info'!$C11,8,0)))))))))) -> 0 | ... AA43: =IF(AA7='Yearly Info'!$C2, 8, IF(AA7='Yearly Info'!$C3, 8, IF(AA7='Yearly Info'!$C4, 8, IF(AA7='Yearly Info'!$C5, 8, IF(AA7='Yearly Info'!$C6, 8, IF(AA7='Yearly Info'!$C7, 8, IF(AA7='Yearly Info'!$C8, 8, IF(AA7='Yearly Info'!$C9, 8, IF(AA7='Yearly Info'!$C10, 8, IF(AA7='Yearly Info'!$C11,8,0)))))))))) -> 0 | AB43: =IF(AB7>EOMONTH($D$4,0),0, IF(AB7='Yearly Info'!$C2, 8, IF(AB7='Yearly Info'!$C3, 8, IF(AB7='Yearly Info'!$C4, 8, IF(AB7='Yearly Info'!$C5, 8, IF(AB7='Yearly Info'!$C6, 8, IF(AB7='Yearly Info'!$C7, 8, IF(AB7='Yearly Info'!$C8, 8, IF(AB7='Yearly Info'!$C9, 8, IF(AB7='Yearly Info'!$C10, 8, IF(AB7='Yearly Info'!$C11,8,0))))))))))) -> 0 | AC43: =IF(AC7>EOMONTH($D$4,0),0, IF(AC7='Yearly Info'!$C2, 8, IF(AC7='Yearly Info'!$C3, 8, IF(AC7='Yearly Info'!$C4, 8, IF(AC7='Yearly Info'!$C5, 8, IF(AC7='Yearly Info'!$C6, 8, IF(AC7='Yearly Info'!$C7, 8, IF(AC7='Yearly Info'!$C8, 8, IF(AC7='Yearly Info'!$C9, 8, IF(AC7='Yearly Info'!$C10, 8, IF(AC7='Yearly Info'!$C11,8,0))))))))))) -> 0 | AE43: =IF(AE7>EOMONTH($D$4,0),0, IF(AE7='Yearly Info'!$C2, 8, IF(AE7='Yearly Info'!$C3, 8, IF(AE7='Yearly Info'!$C4, 8, IF(AE7='Yearly Info'!$C5, 8, IF(AE7='Yearly Info'!$C6, 8, IF(AE7='Yearly Info'!$C7, 8, IF(AE7='Yearly Info'!$C8, 8, IF(AE7='Yearly Info'!$C9, 8, IF(AE7='Yearly Info'!$C10, 8, IF(AE7='Yearly Info'!$C11,8,0))))))))))) -> 0 | AF43: =IF(AF7>EOMONTH($D$4,0),0, IF(AF7='Yearly Info'!$C2, 8, IF(AF7='Yearly Info'!$C3, 8, IF(AF7='Yearly Info'!$C4, 8, IF(AF7='Yearly Info'!$C5, 8, IF(AF7='Yearly Info'!$C6, 8, IF(AF7='Yearly Info'!$C7, 8, IF(AF7='Yearly Info'!$C8, 8, IF(AF7='Yearly Info'!$C9, 8, IF(AF7='Yearly Info'!$C10, 8, IF(AF7='Yearly Info'!$C11,8,0))))))))))) -> 0 | AG43: =IF(AG7>EOMONTH($D$4,0),0, IF(AG7='Yearly Info'!$C2, 8, IF(AG7='Yearly Info'!$C3, 8, IF(AG7='Yearly Info'!$C4, 8, IF(AG7='Yearly Info'!$C5, 8, IF(AG7='Yearly Info'!$C6, 8, IF(AG7='Yearly Info'!$C7, 8, IF(AG7='Yearly Info'!$C8, 8, IF(AG7='Yearly Info'!$C9, 8, IF(AG7='Yearly Info'!$C10, 8, IF(AG7='Yearly Info'!$C11,8,0))))))))))) -> 0 | AH43: =IF(AH7>EOMONTH($D$4,0),0, IF(AH7='Yearly Info'!$C2, 8, IF(AH7='Yearly Info'!$C3, 8, IF(AH7='Yearly Info'!$C4, 8, IF(AH7='Yearly Info'!$C5, 8, IF(AH7='Yearly Info'!$C6, 8, IF(AH7='Yearly Info'!$C7, 8, IF(AH7='Yearly Info'!$C8, 8, IF(AH7='Yearly Info'!$C9, 8, IF(AH7='Yearly Info'!$C10, 8, IF(AH7='Yearly Info'!$C11,8,0))))))))))) -> 0 | AI43: =SUM(B43:AH43) -> 8
B44: Leave - Personal | AI44: =IF(SUM(B48:AH48)-AI42-AI43>0,SUM(B48:AH48)-AI42-AI43,0) -> 0
B45: Extended Work Week (Extra Hours) | AI45: =IF(SUM(B48:AH48)-AI42-AI43<0,(SUM(B48:AH48)-AI42-AI43)*-1,0) -> 3
A46: Daily Total | B46: =SUM(B45,B43,B42) -> 7 | C46: =SUM(C45,C43,C42) -> 9 | D46: =SUM(D45,D43,D42) -> 8 | E46: =SUM(E45,E43,E42) -> 8 | F46: =SUM(F45,F43,F42) -> 8 | G46: =SUM(G45,G43,G42) -> 0 | H46: =SUM(H45,H43,H42) -> 0 | I46: =SUM(I45,I43,I42) -> 8 | ... AH46: =SUM(AH45,AH43,AH42) -> 0 | AI46: =SUM(B46:AH46) -> 163
A47: Weekly Total | B47: =IF(B8="Sun",SUM(B46),"") | C47: =IF(C8="Sun",SUM(B46,C46),"") | D47: =IF(D8="Sun",SUM(B46,C46,D46),"") | E47: =IF(E8="Sun",SUM(B46,C46,D46,E46),"") | F47: =SUM(B46:H46) -> 40 | I47: =IF(I8="Sun",SUM(C46,D46,E46,F46,G46,H46,I46),"") | J47: =IF(J8="Sun",SUM(D46,E46,F46,G46,H46,I46,J46),"") | K47: =IF(K8="Sun",SUM(E46,F46,G46,H46,I46,J46,K46),"") | L47: =IF(L8="Sun",SUM(F46,G46,H46,I46,J46,K46,L46),"") | M47: =SUM(I46:O46) -> 40 | P47: =IF(P8="Sun",SUM(J46,K46,L46,M46,N46,O46,P46),"") | Q47: =IF(Q8="Sun",SUM(K46,L46,M46,N46,O46,P46,Q46),"") | R47: =IF(R8="Sun",SUM(L46,M46,N46,O46,P46,Q46,R46),"") | S47: =IF(S8="Sun",SUM(M46,N46,O46,P46,Q46,R46,S46),"") | T47: =SUM(P46:V46) -> 43 | W47: =IF(W8="Sun",SUM(Q46,R46,S46,T46,U46,V46,W46),"") | X47: =IF(X8="Sun",SUM(R46,S46,T46,U46,V46,W46,X46),"") | Y47: =IF(Y8="Sun",SUM(S46,T46,U46,V46,W46,X46,Y46),"") | Z47: =IF(Z8="Sun",SUM(T46,U46,V46,W46,X46,Y46,Z46),"") | AA47: =SUM(W46:AC46) -> 40 | AD47: =IF(AD8="Sun",SUM(X46,Y46,Z46,AA46,AB46,AC46,AD46),"") | AE47: =IF(AE8="Sun",SUM(Y46,Z46,AA46,AB46,AC46,AD46,AE46),"") | AF47: =IF(AF8="Sun",SUM(Z46,AA46,AB46,AC46,AD46,AE46,AF46),"") | AG47: =IF(AG8="Sun",SUM(AA46,AB46,AC46,AD46,AE46,AF46,AG46),"") | AH47: =SUM(AD46:AH46) -> 0 | AI47: =SUM(B47:AH47) -> 163
B48: =IF(B7>=$D$4,IF(B7<=EOMONTH($D$4,0), IF(B8="S",0,IF(B8="S",0,8)),0),0) -> 8 | C48: =IF(C7>=$D$4,IF(C7<=EOMONTH($D$4,0), IF(C8="S",0,IF(C8="S",0,8)),0),0) -> 8 | D48: =IF(D7>=$D$4,IF(D7<=EOMONTH($D$4,0), IF(D8="S",0,IF(D8="S",0,8)),0),0) -> 8 | E48: =IF(E7>=$D$4,IF(E7<=EOMONTH($D$4,0), IF(E8="S",0,IF(E8="S",0,8)),0),0) -> 8 | F48: =IF(F7>=$D$4,IF(F7<=EOMONTH($D$4,0), IF(F8="S",0,IF(F8="S",0,8)),0),0) -> 8 | G48: =IF(G7>=$D$4,IF(G7<=EOMONTH($D$4,0), IF(G8="S",0,IF(G8="S",0,8)),0),0) -> 0 | H48: =IF(H7>=$D$4,IF(H7<=EOMONTH($D$4,0), IF(H8="S",0,IF(H8="S",0,8)),0),0) -> 0 | I48: =IF(I7>=$D$4,IF(I7<=EOMONTH($D$4,0), IF(I8="S",0,IF(I8="S",0,8)),0),0) -> 8 | ... AH48: =IF(AH7>=$D$4,IF(AH7<=EOMONTH($D$4,0), IF(AH8="S",0,IF(AH8="S",0,8)),0),0) -> 0 | AI48: =SUM(B48:AH48) -> 160
B53: MONTHLY TIME RECORD
B54: Name: | D54: =D3 -> Don Woods
B55: Month: | D55: =D4 -> 46054 | J55: Year: | L55: =L4 -> 2026
A57: Project No. & Description | B57: Day of the Month | AI57: Total Hours
B58: =IF(WEEKDAY(D$4,2)>5,D$4+8 - WEEKDAY(D$4,2),D$4-(WEEKDAY(D$4,2)-1)) -> 46055 | C58: =B58+1 -> 46056 | D58: =C58+1 -> 46057 | E58: =D58+1 -> 46058 | F58: =E58+1 -> 46059 | G58: =F58+1 -> 46060 | H58: =G58+1 -> 46061 | I58: =H58+1 -> 46062 | J58: =I58+1 -> 46063 | ... AH58: =AG58+1 -> 46087 | AI58: Hours
B59: =TEXT(WEEKDAY(B58),"ddd") -> Mon | C59: =TEXT(WEEKDAY(C58),"ddd") -> Tue | D59: =TEXT(WEEKDAY(D58),"ddd") -> Wed | E59: =TEXT(WEEKDAY(E58),"ddd") -> Thu | F59: =TEXT(WEEKDAY(F58),"ddd") -> Fri | G59: =TEXT(WEEKDAY(G58),"ddd") -> Sat | H59: =TEXT(WEEKDAY(H58),"ddd") -> Sun | I59: =TEXT(WEEKDAY(I58),"ddd") -> Mon | ... AH59: =TEXT(WEEKDAY(AH58),"ddd") -> Fri
A60: Hours
A61: =A10 -> Enter Job #s on Yearly Info Tab
A62: =A11 -> RICS Support for MDEQ | B62: =B11 -> 7 | C62: =C11 -> 5 | D62: =D11 -> 7 | E62: =E11 -> 5 | F62: =F11 -> 3 | G62: =G11 -> 0 | H62: =H11 -> 0 | ... AH62: =AH11 -> 0 | AI62: =SUM(B62:AH62) -> 57
A63: =A12 -> MDEQ | B63: =B12 -> 0 | C63: =C12 -> 0 | D63: =D12 -> 0 | E63: =E12 -> 0 | F63: =F12 -> 0 | G63: =G12 -> 0 | H63: =H12 -> 0 | ... AH63: =AH12 -> 0 | AI63: =SUM(B63:AH63) -> 0
A64: =A13 -> RICS Idea Portal | B64: =B13 -> 0 | C64: =C13 -> 0 | D64: =D13 -> 0 | E64: =E13 -> 0 | F64: =F13 -> 0 | G64: =G13 -> 0 | H64: =H13 -> 0 | ... AH64: =AH13 -> 0 | AI64: =SUM(B64:AH64) -> 0
A65: =A14 -> MSWIS | B65: =B14 -> 0 | C65: =C14 -> 4 | D65: =D14 -> 1 | E65: =E14 -> 3 | F65: =F14 -> 4 | G65: =G14 -> 0 | H65: =H14 -> 0 | ... AH65: =AH14 -> 0 | AI65: =SUM(B65:AH65) -> 75
A66: =A15 -> GeoSpatial | B66: =B15 -> 0 | C66: =C15 -> 0 | D66: =D15 -> 0 | E66: =E15 -> 0 | F66: =F15 -> 0 | G66: =G15 -> 0 | H66: =H15 -> 0 | ... AH66: =AH15 -> 0 | AI66: =SUM(B66:AH66) -> 0
A67: =A16 -> RICS Dashboard | B67: =B16 -> 0 | C67: =C16 -> 0 | D67: =D16 -> 0 | E67: =E16 -> 0 | F67: =F16 -> 0 | G67: =G16 -> 0 | H67: =H16 -> 0 | ... AH67: =AH16 -> 0 | AI67: =SUM(B67:AH67) -> 1
A68: =A17 -> MDWFP NRIS | B68: =B17 -> 0 | C68: =C17 -> 0 | D68: =D17 -> 0 | E68: =E17 -> 0 | F68: =F17 -> 1 | G68: =G17 -> 0 | H68: =H17 -> 0 | ... AH68: =AH17 -> 0 | AI68: =SUM(B68:AH68) -> 5
A69: =A18 -> MSWIS MRVA 4 CLOSED | B69: =B18 -> 0 | C69: =C18 -> 0 | D69: =D18 -> 0 | E69: =E18 -> 0 | F69: =F18 -> 0 | G69: =G18 -> 0 | H69: =H18 -> 0 | ... X69: =X18 -> 5 | Y69: =Z18 -> 4 | Z69: =#REF! -> #REF! | AA69: =#REF! -> #REF! | AB69: =AB18 -> 0 | AC69: =AC18 -> 0 | AD69: =AD18 -> 0 | AE69: =AE18 -> 0 | AF69: =AF18 -> 0 | AG69: =AG18 -> 0 | AH69: =AH18 -> 0 | AI69: =SUM(B69:AH69) -> #REF!
A70: =A19 -> Tackett | B70: =B19 -> 0 | C70: =C19 -> 0 | D70: =D19 -> 0 | E70: =E19 -> 0 | F70: =F19 -> 0 | G70: =G19 -> 0 | H70: =H19 -> 0 | ... Z70: =Z19 -> 0 | AA70: =AA18 -> 3 | AB70: =AB19 -> 0 | AC70: =AC19 -> 0 | AD70: =AD19 -> 0 | AE70: =AE19 -> 0 | AF70: =AF19 -> 0 | AG70: =AG19 -> 0 | AH70: =AH19 -> 0 | AI70: =SUM(B70:AH70) -> 8
A71: =A20 -> 0 | B71: =B20 -> 0 | C71: =C20 -> 0 | D71: =D20 -> 0 | E71: =E20 -> 0 | F71: =F20 -> 0 | G71: =G20 -> 0 | H71: =H20 -> 0 | ... AH71: =AH20 -> 0 | AI71: =SUM(B71:AH71) -> 0
A72: =A21 -> 0 | B72: =B21 -> 0 | C72: =C21 -> 0 | D72: =D21 -> 0 | E72: =E21 -> 0 | F72: =F21 -> 0 | G72: =G21 -> 0 | H72: =H21 -> 0 | ... AH72: =AH21 -> 0 | AI72: =SUM(B72:AH72) -> 0
A73: =A22 -> 0 | B73: =B22 -> 0 | C73: =C22 -> 0 | D73: =D22 -> 0 | E73: =E22 -> 0 | F73: =F22 -> 0 | G73: =G22 -> 0 | H73: =H22 -> 0 | ... AH73: =AH22 -> 0 | AI73: =SUM(B73:AH73) -> 0
A74: =A23 -> 0 | B74: =B23 -> 0 | C74: =C23 -> 0 | D74: =D23 -> 0 | E74: =E23 -> 0 | F74: =F23 -> 0 | G74: =G23 -> 0 | H74: =H23 -> 0 | ... AH74: =AH23 -> 0 | AI74: =SUM(B74:AH74) -> 0
A75: =A24 -> 0 | B75: =B24 -> 0 | C75: =C24 -> 0 | D75: =D24 -> 0 | E75: =E24 -> 0 | F75: =F24 -> 0 | G75: =G24 -> 0 | H75: =H24 -> 0 | ... AH75: =AH24 -> 0 | AI75: =SUM(B75:AH75) -> 0
A76: =A25 -> 0 | B76: =B25 -> 0 | C76: =C25 -> 0 | D76: =D25 -> 0 | E76: =E25 -> 0 | F76: =F25 -> 0 | G76: =G25 -> 0 | H76: =H25 -> 0 | ... AH76: =AH25 -> 0 | AI76: =SUM(B76:AH76) -> 0
A77: =A26 -> 0 | B77: =B26 -> 0 | C77: =C26 -> 0 | D77: =D26 -> 0 | E77: =E26 -> 0 | F77: =F26 -> 0 | G77: =G26 -> 0 | H77: =H26 -> 0 | ... AH77: =AH26 -> 0 | AI77: =SUM(B77:AH77) -> 0
A78: =A27 -> 0 | B78: =B27 -> 0 | C78: =C27 -> 0 | D78: =D27 -> 0 | E78: =E27 -> 0 | F78: =F27 -> 0 | G78: =G27 -> 0 | H78: =H27 -> 0 | ... AH78: =AH27 -> 0 | AI78: =SUM(B78:AH78) -> 0
A79: =A28 -> 0 | B79: =B28 -> 0 | C79: =C28 -> 0 | D79: =D28 -> 0 | E79: =E28 -> 0 | F79: =F28 -> 0 | G79: =G28 -> 0 | H79: =H28 -> 0 | ... AH79: =AH28 -> 0 | AI79: =SUM(B79:AH79) -> 0
A80: =A29 -> 0 | B80: =B29 -> 0 | C80: =C29 -> 0 | D80: =D29 -> 0 | E80: =E29 -> 0 | F80: =F29 -> 0 | G80: =G29 -> 0 | H80: =H29 -> 0 | ... AH80: =AH29 -> 0 | AI80: =SUM(B80:AH80) -> 0
A81: =A30 -> 0 | B81: =B24 -> 0 | C81: =C24 -> 0 | D81: =D24 -> 0 | E81: =E24 -> 0 | F81: =F24 -> 0 | G81: =G24 -> 0 | H81: =H24 -> 0 | I81: =I24 -> 0 | ... Q81: =Q24 -> 0 | AF81: =AF24 -> 0 | AG81: =AG24 -> 0 | AH81: =AH24 -> 0 | AI81: =SUM(B81:AH81) -> 0
A82: =A31 -> 0 | B82: =B31 -> 0 | C82: =C31 -> 0 | D82: =D31 -> 0 | E82: =E31 -> 0 | F82: =F31 -> 0 | G82: =G31 -> 0 | H82: =H31 -> 0 | ... AH82: =AH31 -> 0 | AI82: =SUM(B82:AH82) -> 0
A83: =A32 -> 0 | B83: =B32 -> 0 | C83: =C32 -> 0 | D83: =D32 -> 0 | E83: =E32 -> 0 | F83: =F32 -> 0 | G83: =G32 -> 0 | H83: =H32 -> 0 | ... AH83: =AH32 -> 0 | AI83: =SUM(B83:AH83) -> 0
A84: =A33 -> 0 | B84: =B33 -> 0 | C84: =C33 -> 0 | D84: =D33 -> 0 | E84: =E33 -> 0 | F84: =F33 -> 0 | G84: =G33 -> 0 | H84: =H33 -> 0 | ... AH84: =AH33 -> 0 | AI84: =SUM(B84:AH84) -> 0
A85: =A34 -> 0 | B85: =B34 -> 0 | C85: =C34 -> 0 | D85: =D34 -> 0 | E85: =E34 -> 0 | F85: =F34 -> 0 | G85: =G34 -> 0 | H85: =H34 -> 0 | ... AH85: =AH34 -> 0 | AI85: =SUM(B85:AH85) -> 0
A86: =A35 -> 0 | B86: =B35 -> 0 | C86: =C35 -> 0 | D86: =D35 -> 0 | E86: =E35 -> 0 | F86: =F35 -> 0 | G86: =G35 -> 0 | H86: =H35 -> 0 | ... AH86: =AH35 -> 0 | AI86: =SUM(B86:AH86) -> 0
A87: =A36 -> 0 | B87: =B36 -> 0 | C87: =C36 -> 0 | D87: =D36 -> 0 | E87: =E36 -> 0 | F87: =F36 -> 0 | G87: =G36 -> 0 | H87: =H36 -> 0 | ... AH87: =AH36 -> 0 | AI87: =SUM(B87:AH87) -> 0
A88: =A37 -> 0 | B88: =B37 -> 0 | C88: =C37 -> 0 | D88: =D37 -> 0 | E88: =E37 -> 0 | F88: =F37 -> 0 | G88: =G37 -> 0 | H88: =H37 -> 0 | ... AH88: =AH37 -> 0 | AI88: =SUM(B88:AH88) -> 0
A89: =A38 | B89: =B38 -> 0 | C89: =C38 -> 0 | D89: =D38 -> 0 | E89: =E38 -> 0 | F89: =F38 -> 0 | G89: =G38 -> 0 | H89: =H38 -> 0 | ... AH89: =AH38 -> 0 | AI89: =SUM(B89:AH89) -> 0
A90: =A39 | B90: =B39 -> 0 | C90: =C39 -> 0 | D90: =D39 -> 0 | E90: =E39 -> 0 | F90: =F39 -> 0 | G90: =G39 -> 0 | H90: =H39 -> 0 | ... AH90: =AH39 -> 0 | AI90: =SUM(B90:AH90) -> 0
A91: =A40 | B91: =B40 -> 0 | C91: =C40 -> 0 | D91: =D40 -> 0 | E91: =E40 -> 0 | F91: =F40 -> 0 | G91: =G40 -> 0 | H91: =H40 -> 0 | ... AH91: =AH40 -> 0 | AI91: =SUM(B91:AH91) -> 0
A92: Total | B92: =SUM(B60:B91) -> 7 | C92: =SUM(C60:C91) -> 9 | D92: =SUM(D60:D91) -> 8 | E92: =SUM(E60:E91) -> 8 | F92: =SUM(F60:F91) -> 8 | G92: =SUM(G60:G91) -> 0 | H92: =SUM(H60:H91) -> 0 | I92: =SUM(I60:I91) -> 8 | ... AI92: =SUM(AI60:AI91) -> #REF!
AI93: =AI92 -> #REF!

Sheet FEB-DESC
B2: Name: | D2: ='Yearly Info'!A45 -> Don Woods | E2: =INDIRECT("'" & $Q$1 & "'!D11") -> #REF! | F2: =INDIRECT("'" & $Q$1 & "'!D11") -> #REF! | G2: =INDIRECT("'" & $Q$1 & "'!D11") -> #REF! | H2: =INDIRECT("'" & $Q$1 & "'!D11") -> #REF! | I2: =INDIRECT("'" & $Q$1 & "'!D11") -> #REF! | J2: =INDIRECT("'" & $Q$1 & "'!D11") -> #REF! | K2: =INDIRECT("'" & $Q$1 & "'!D11") -> #REF! | L2: =INDIRECT("'" & $Q$1 & "'!D11") -> #REF! | ... N2: =INDIRECT("'" & $Q$1 & "'!D11") -> #REF!
B3: Month: | D3: ='Yearly Info'!D2 -> 46054 | E3: =INDIRECT("'" & LEFT(UPPER(MID(CELL("filename"),(FIND("]",CELL("filename"))+1),50)),3) & "'!$D$4") -> 46204 | F3: =INDIRECT("'" & LEFT(UPPER(MID(CELL("filename"),(FIND("]",CELL("filename"))+1),50)),3) & "'!$D$4") -> 46204 | G3: =INDIRECT("'" & LEFT(UPPER(MID(CELL("filename"),(FIND("]",CELL("filename"))+1),50)),3) & "'!$D$4") -> 46204 | H3: =INDIRECT("'" & LEFT(UPPER(MID(CELL("filename"),(FIND("]",CELL("filename"))+1),50)),3) & "'!$D$4") -> 46204 | I3: Year: | K3: ='Yearly Info'!B1 -> 2026
A5: Project | B5: Date / Hours | E5: Description
A8: =IF(MONTH(C8)=MONTH(D$3),RIGHT('Yearly Info'!A$14,LEN('Yearly Info'!A$14)-4),"") -> RICS Support for MDEQ | B8: =TEXT(C8,"dddd") -> Monday | C8: =INDIRECT("'" & UPPER(LEFT(TEXT($D$3,"mmmm"),3)) & "'!B7") -> 46055 | D8: =INDIRECT("'" & UPPER(LEFT(TEXT($D$3,"mmmm"),3)) & "'!B11") -> 7 | E8: Graph API Migration SharePoint
A9: =IF(MONTH(C9)=MONTH(D$3),RIGHT('Yearly Info'!A$15,LEN('Yearly Info'!A$15)-4),"") -> MDEQ | C9: =C8 -> 46055 | D9: =INDIRECT("'" & UPPER(LEFT(TEXT($D$3,"mmmm"),3)) & "'!B12") -> 0
A10: =IF(MONTH(C10)=MONTH(D$3),RIGHT('Yearly Info'!A$16,LEN('Yearly Info'!A$16)-4),"") -> RICS Idea Portal | C10: =C9 -> 46055 | D10: =INDIRECT("'" & UPPER(LEFT(TEXT($D$3,"mmmm"),3)) & "'!B13") -> 0
A11: =IF(MONTH(C11)=MONTH(D$3),RIGHT('Yearly Info'!A$17,LEN('Yearly Info'!A$17)-4),"") -> MSWIS | C11: =C10 -> 46055 | D11: =INDIRECT("'" & UPPER(LEFT(TEXT($D$3,"mmmm"),3)) & "'!B14") -> 0
A12: =IF(MONTH(C12)=MONTH(D$3),RIGHT('Yearly Info'!A$18,LEN('Yearly Info'!A$18)-4),"") -> GeoSpatial | C12: =C11 -> 46055 | D12: =INDIRECT("'" & UPPER(LEFT(TEXT($D$3,"mmmm"),3)) & "'!B15") -> 0
A13: =IF(MONTH(C13)=MONTH(D$3),RIGHT('Yearly Info'!A$19,LEN('Yearly Info'!A$19)-4),"") -> RICS Dashboard | C13: =C12 -> 46055 | D13: =INDIRECT("'" & UPPER(LEFT(TEXT($D$3,"mmmm"),3)) & "'!B16") -> 0
A14: =IF(MONTH(C14)=MONTH(D$3),RIGHT('Yearly Info'!A$20,LEN('Yearly Info'!A$20)-4),"") -> MDWFP NRIS | C14: =C13 -> 46055 | D14: =INDIRECT("'" & UPPER(LEFT(TEXT($D$3,"mmmm"),3)) & "'!B17") -> 0
A15: =IF(MONTH(C15)=MONTH(D$3),RIGHT('Yearly Info'!A$21,LEN('Yearly Info'!A$21)-4),"") -> MSWIS MRVA 4 CLOSED | C15: =C14 -> 46055 | D15: =INDIRECT("'" & UPPER(LEFT(TEXT($D$3,"mmmm"),3)) & "'!B18") -> 0
A16: =IF(MONTH(C16)=MONTH(D$3),RIGHT('Yearly Info'!A$22,LEN('Yearly Info'!A$22)-4),"") -> Tackett | C16: =C15 -> 46055 | D16: =INDIRECT("'" & UPPER(LEFT(TEXT($D$3,"mmmm"),3)) & "'!B19") -> 0
A17: =IF(MONTH(C17)=MONTH(D$3),RIGHT('Yearly Info'!A$23,LEN('Yearly Info'!A$23)-4),"") -> #VALUE! | C17: =C16 -> 46055 | D17: =INDIRECT("'" & UPPER(LEFT(TEXT($D$3,"mmmm"),3)) & "'!B20") -> 0
A18: =IF(MONTH(C18)=MONTH(D$3),RIGHT('Yearly Info'!A$24,LEN('Yearly Info'!A$24)-4),"") -> #VALUE! | C18: =C17 -> 46055 | D18: =INDIRECT("'" & UPPER(LEFT(TEXT($D$3,"mmmm"),3)) & "'!B21") -> 0
A19: =IF(MONTH(C19)=MONTH(D$3),RIGHT('Yearly Info'!A$25,LEN('Yearly Info'!A$25)-4),"") -> #VALUE! | C19: =C18 -> 46055 | D19: =INDIRECT("'" & UPPER(LEFT(TEXT($D$3,"mmmm"),3)) & "'!B22") -> 0
A20: =IF(MONTH(C20)=MONTH(D$3),RIGHT('Yearly Info'!A$26,LEN('Yearly Info'!A$26)-4),"") -> #VALUE! | C20: =C19 -> 46055 | D20: =INDIRECT("'" & UPPER(LEFT(TEXT($D$3,"mmmm"),3)) & "'!B23") -> 0
A21: =IF(MONTH(C21)=MONTH(D$3),RIGHT('Yearly Info'!A$27,LEN('Yearly Info'!A$27)-4),"") -> #VALUE! | C21: =C20 -> 46055 | D21: =INDIRECT("'" & UPPER(LEFT(TEXT($D$3,"mmmm"),3)) & "'!B24") -> 0
A22: =IF(MONTH(C22)=MONTH(D$3),RIGHT('Yearly Info'!A$28,LEN('Yearly Info'!A$28)-4),"") -> #VALUE! | C22: =C21 -> 46055 | D22: =INDIRECT("'" & UPPER(LEFT(TEXT($D$3,"mmmm"),3)) & "'!B25") -> 0
A23: =IF(MONTH(C23)=MONTH(D$3),RIGHT('Yearly Info'!A$29,LEN('Yearly Info'!A$29)-4),"") -> #VALUE! | C23: =C22 -> 46055 | D23: =INDIRECT("'" & UPPER(LEFT(TEXT($D$3,"mmmm"),3)) & "'!B26") -> 0
A24: =IF(MONTH(C24)=MONTH(D$3),RIGHT('Yearly Info'!A$30,LEN('Yearly Info'!A$30)-4),"") -> #VALUE! | C24: =C23 -> 46055 | D24: =INDIRECT("'" & UPPER(LEFT(TEXT($D$3,"mmmm"),3)) & "'!B27") -> 0
A25: =IF(MONTH(C25)=MONTH(D$3),RIGHT('Yearly Info'!A$31,LEN('Yearly Info'!A$31)-4),"") -> #VALUE! | C25: =C24 -> 46055 | D25: =INDIRECT("'" & UPPER(LEFT(TEXT($D$3,"mmmm"),3)) & "'!B28") -> 0
A26: =IF(MONTH(C26)=MONTH(D$3),RIGHT('Yearly Info'!A$32,LEN('Yearly Info'!A$32)-4),"") -> #VALUE! | C26: =C25 -> 46055 | D26: =INDIRECT("'" & UPPER(LEFT(TEXT($D$3,"mmmm"),3)) & "'!B29") -> 0
A27: =IF(MONTH(C27)=MONTH(D$3),RIGHT('Yearly Info'!A$33,LEN('Yearly Info'!A$33)-4),"") -> #VALUE! | C27: =C26 -> 46055 | D27: =INDIRECT("'" & UPPER(LEFT(TEXT($D$3,"mmmm"),3)) & "'!B30") -> 0
A28: =IF(MONTH(C28)=MONTH(D$3),RIGHT('Yearly Info'!A$34,LEN('Yearly Info'!A$34)-4),"") -> #VALUE! | C28: =C27 -> 46055 | D28: =INDIRECT("'" & UPPER(LEFT(TEXT($D$3,"mmmm"),3)) & "'!B31") -> 0
A29: =IF(MONTH(C29)=MONTH(D$3),RIGHT('Yearly Info'!A$35,LEN('Yearly Info'!A$35)-4),"") -> #VALUE! | C29: =C28 -> 46055 | D29: =INDIRECT("'" & UPPER(LEFT(TEXT($D$3,"mmmm"),3)) & "'!B32") -> 0
A30: =IF(MONTH(C30)=MONTH(D$3),RIGHT('Yearly Info'!A$36,LEN('Yearly Info'!A$36)-4),"") -> #VALUE! | C30: =C29 -> 46055 | D30: =INDIRECT("'" & UPPER(LEFT(TEXT($D$3,"mmmm"),3)) & "'!B33") -> 0
A31: =IF(MONTH(C31)=MONTH(D$3),RIGHT('Yearly Info'!A$37,LEN('Yearly Info'!A$37)-4),"") -> #VALUE! | C31: =C30 -> 46055 | D31: =INDIRECT("'" & UPPER(LEFT(TEXT($D$3,"mmmm"),3)) & "'!B34") -> 0
A32: =IF(MONTH(C32)=MONTH(D$3),RIGHT('Yearly Info'!A$38,LEN('Yearly Info'!A$38)-4),"") -> #VALUE! | C32: =C31 -> 46055 | D32: =INDIRECT("'" & UPPER(LEFT(TEXT($D$3,"mmmm"),3)) & "'!B35") -> 0
A33: =IF(MONTH(C33)=MONTH(D$3),RIGHT('Yearly Info'!A$39,LEN('Yearly Info'!A$39)-4),"") -> #VALUE! | C33: =C32 -> 46055 | D33: =INDIRECT("'" & UPPER(LEFT(TEXT($D$3,"mmmm"),3)) & "'!B36") -> 0
A34: =IF(MONTH(C34)=MONTH(D$3),RIGHT('Yearly Info'!A$40,LEN('Yearly Info'!A$40)-4),"") -> #VALUE! | C34: =C33 -> 46055 | D34: =INDIRECT("'" & UPPER(LEFT(TEXT($D$3,"mmmm"),3)) & "'!B37") -> 0
A35: =IF(MONTH(C35)=MONTH(D$3),RIGHT('Yearly Info'!A$41,LEN('Yearly Info'!A$41)-4),"") | C35: =C34 -> 46055 | D35: =INDIRECT("'" & UPPER(LEFT(TEXT($D$3,"mmmm"),3)) & "'!B38") -> 0
A36: =IF(MONTH(C36)=MONTH(D$3),RIGHT('Yearly Info'!A$42,LEN('Yearly Info'!A$42)-4),"") | C36: =C35 -> 46055 | D36: =INDIRECT("'" & UPPER(LEFT(TEXT($D$3,"mmmm"),3)) & "'!B39") -> 0
A37: =IF(MONTH(C37)=MONTH(D$3),RIGHT('Yearly Info'!A$43,LEN('Yearly Info'!A$43)-4),"") | C37: =C36 -> 46055 | D37: =INDIRECT("'" & UPPER(LEFT(TEXT($D$3,"mmmm"),3)) & "'!B40") -> 0
A38: =IF(MONTH(C38)=MONTH(D$3),RIGHT('Yearly Info'!A$14,LEN('Yearly Info'!A$14)-4),"") -> RICS Support for MDEQ | B38: =TEXT(C38,"dddd") -> Tuesday | C38: =C8+1 -> 46056 | D38: =INDIRECT("'" & UPPER(TEXT($D$3,"mmm")) & "'!C11") -> 5 | E38: Graph API Migration SharePoint
A39: =IF(MONTH(C39)=MONTH(D$3),RIGHT('Yearly Info'!A$15,LEN('Yearly Info'!A$15)-4),"") -> MDEQ | C39: =C38 -> 46056 | D39: =INDIRECT("'" & UPPER(LEFT(TEXT($D$3,"mmmm"),3)) & "'!C12") -> 0
A40: =IF(MONTH(C40)=MONTH(D$3),RIGHT('Yearly Info'!A$16,LEN('Yearly Info'!A$16)-4),"") -> RICS Idea Portal | C40: =C39 -> 46056 | D40: =INDIRECT("'" & UPPER(LEFT(TEXT($D$3,"mmmm"),3)) & "'!C13") -> 0
A41: =IF(MONTH(C41)=MONTH(D$3),RIGHT('Yearly Info'!A$17,LEN('Yearly Info'!A$17)-4),"") -> MSWIS | C41: =C40 -> 46056 | D41: =INDIRECT("'" & UPPER(LEFT(TEXT($D$3,"mmmm"),3)) & "'!C14") -> 4 | E41: Axosoft Tickets - Meeting
A42: =IF(MONTH(C42)=MONTH(D$3),RIGHT('Yearly Info'!A$18,LEN('Yearly Info'!A$18)-4),"") -> GeoSpatial | C42: =C41 -> 46056 | D42: =INDIRECT("'" & UPPER(LEFT(TEXT($D$3,"mmmm"),3)) & "'!C15") -> 0
A43: =IF(MONTH(C43)=MONTH(D$3),RIGHT('Yearly Info'!A$19,LEN('Yearly Info'!A$19)-4),"") -> RICS Dashboard | C43: =C42 -> 46056 | D43: =INDIRECT("'" & UPPER(LEFT(TEXT($D$3,"mmmm"),3)) & "'!C16") -> 0
A44: =IF(MONTH(C44)=MONTH(D$3),RIGHT('Yearly Info'!A$20,LEN('Yearly Info'!A$20)-4),"") -> MDWFP NRIS | C44: =C43 -> 46056 | D44: =INDIRECT("'" & UPPER(LEFT(TEXT($D$3,"mmmm"),3)) & "'!C17") -> 0
A45: =IF(MONTH(C45)=MONTH(D$3),RIGHT('Yearly Info'!A$21,LEN('Yearly Info'!A$21)-4),"") -> MSWIS MRVA 4 CLOSED | C45: =C44 -> 46056 | D45: =INDIRECT("'" & UPPER(LEFT(TEXT($D$3,"mmmm"),3)) & "'!C18") -> 0
A46: =IF(MONTH(C46)=MONTH(D$3),RIGHT('Yearly Info'!A$22,LEN('Yearly Info'!A$22)-4),"") -> Tackett | C46: =C45 -> 46056 | D46: =INDIRECT("'" & UPPER(LEFT(TEXT($D$3,"mmmm"),3)) & "'!C19") -> 0
A47: =IF(MONTH(C47)=MONTH(D$3),RIGHT('Yearly Info'!A$23,LEN('Yearly Info'!A$23)-4),"") -> #VALUE! | C47: =C46 -> 46056 | D47: =INDIRECT("'" & UPPER(LEFT(TEXT($D$3,"mmmm"),3)) & "'!C20") -> 0
A48: =IF(MONTH(C48)=MONTH(D$3),RIGHT('Yearly Info'!A$24,LEN('Yearly Info'!A$24)-4),"") -> #VALUE! | C48: =C47 -> 46056 | D48: =INDIRECT("'" & UPPER(LEFT(TEXT($D$3,"mmmm"),3)) & "'!C21") -> 0
A49: =IF(MONTH(C49)=MONTH(D$3),RIGHT('Yearly Info'!A$25,LEN('Yearly Info'!A$25)-4),"") -> #VALUE! | C49: =C48 -> 46056 | D49: =INDIRECT("'" & UPPER(LEFT(TEXT($D$3,"mmmm"),3)) & "'!C22") -> 0
A50: =IF(MONTH(C50)=MONTH(D$3),RIGHT('Yearly Info'!A$26,LEN('Yearly Info'!A$26)-4),"") -> #VALUE! | C50: =C49 -> 46056 | D50: =INDIRECT("'" & UPPER(LEFT(TEXT($D$3,"mmmm"),3)) & "'!C23") -> 0
A51: =IF(MONTH(C51)=MONTH(D$3),RIGHT('Yearly Info'!A$27,LEN('Yearly Info'!A$27)-4),"") -> #VALUE! | C51: =C50 -> 46056 | D51: =INDIRECT("'" & UPPER(LEFT(TEXT($D$3,"mmmm"),3)) & "'!C24") -> 0
A52: =IF(MONTH(C52)=MONTH(D$3),RIGHT('Yearly Info'!A$28,LEN('Yearly Info'!A$28)-4),"") -> #VALUE! | C52: =C51 -> 46056 | D52: =INDIRECT("'" & UPPER(LEFT(TEXT($D$3,"mmmm"),3)) & "'!C25") -> 0
A53: =IF(MONTH(C53)=MONTH(D$3),RIGHT('Yearly Info'!A$29,LEN('Yearly Info'!A$29)-4),"") -> #VALUE! | C53: =C52 -> 46056 | D53: =INDIRECT("'" & UPPER(LEFT(TEXT($D$3,"mmmm"),3)) & "'!C26") -> 0
A54: =IF(MONTH(C54)=MONTH(D$3),RIGHT('Yearly Info'!A$30,LEN('Yearly Info'!A$30)-4),"") -> #VALUE! | C54: =C53 -> 46056 | D54: =INDIRECT("'" & UPPER(LEFT(TEXT($D$3,"mmmm"),3)) & "'!C27") -> 0
A55: =IF(MONTH(C55)=MONTH(D$3),RIGHT('Yearly Info'!A$31,LEN('Yearly Info'!A$31)-4),"") -> #VALUE! | C55: =C54 -> 46056 | D55: =INDIRECT("'" & UPPER(LEFT(TEXT($D$3,"mmmm"),3)) & "'!C28") -> 0
A56: =IF(MONTH(C56)=MONTH(D$3),RIGHT('Yearly Info'!A$32,LEN('Yearly Info'!A$32)-4),"") -> #VALUE! | C56: =C55 -> 46056 | D56: =INDIRECT("'" & UPPER(LEFT(TEXT($D$3,"mmmm"),3)) & "'!C29") -> 0
A57: =IF(MONTH(C57)=MONTH(D$3),RIGHT('Yearly Info'!A$33,LEN('Yearly Info'!A$33)-4),"") -> #VALUE! | C57: =C56 -> 46056 | D57: =INDIRECT("'" & UPPER(LEFT(TEXT($D$3,"mmmm"),3)) & "'!C30") -> 0
A58: =IF(MONTH(C58)=MONTH(D$3),RIGHT('Yearly Info'!A$34,LEN('Yearly Info'!A$34)-4),"") -> #VALUE! | C58: =C57 -> 46056 | D58: =INDIRECT("'" & UPPER(LEFT(TEXT($D$3,"mmmm"),3)) & "'!C31") -> 0
A59: =IF(MONTH(C59)=MONTH(D$3),RIGHT('Yearly Info'!A$35,LEN('Yearly Info'!A$35)-4),"") -> #VALUE! | C59: =C58 -> 46056 | D59: =INDIRECT("'" & UPPER(LEFT(TEXT($D$3,"mmmm"),3)) & "'!C32") -> 0
A60: =IF(MONTH(C60)=MONTH(D$3),RIGHT('Yearly Info'!A$36,LEN('Yearly Info'!A$36)-4),"") -> #VALUE! | C60: =C59 -> 46056 | D60: =INDIRECT("'" & UPPER(LEFT(TEXT($D$3,"mmmm"),3)) & "'!C33") -> 0
A61: =IF(MONTH(C61)=MONTH(D$3),RIGHT('Yearly Info'!A$37,LEN('Yearly Info'!A$37)-4),"") -> #VALUE! | C61: =C60 -> 46056 | D61: =INDIRECT("'" & UPPER(LEFT(TEXT($D$3,"mmmm"),3)) & "'!C34") -> 0
A62: =IF(MONTH(C62)=MONTH(D$3),RIGHT('Yearly Info'!A$38,LEN('Yearly Info'!A$38)-4),"") -> #VALUE! | C62: =C61 -> 46056 | D62: =INDIRECT("'" & UPPER(LEFT(TEXT($D$3,"mmmm"),3)) & "'!C35") -> 0
A63: =IF(MONTH(C63)=MONTH(D$3),RIGHT('Yearly Info'!A$39,LEN('Yearly Info'!A$39)-4),"") -> #VALUE! | C63: =C62 -> 46056 | D63: =INDIRECT("'" & UPPER(LEFT(TEXT($D$3,"mmmm"),3)) & "'!C36") -> 0
A64: =IF(MONTH(C64)=MONTH(D$3),RIGHT('Yearly Info'!A$40,LEN('Yearly Info'!A$40)-4),"") -> #VALUE! | C64: =C63 -> 46056 | D64: =INDIRECT("'" & UPPER(LEFT(TEXT($D$3,"mmmm"),3)) & "'!C37") -> 0
A65: =IF(MONTH(C65)=MONTH(D$3),RIGHT('Yearly Info'!A$41,LEN('Yearly Info'!A$41)-4),"") | C65: =C64 -> 46056 | D65: =INDIRECT("'" & UPPER(LEFT(TEXT($D$3,"mmmm"),3)) & "'!C38") -> 0
A66: =IF(MONTH(C66)=MONTH(D$3),RIGHT('Yearly Info'!A$42,LEN('Yearly Info'!A$42)-4),"") | C66: =C65 -> 46056 | D66: =INDIRECT("'" & UPPER(LEFT(TEXT($D$3,"mmmm"),3)) & "'!C39") -> 0
A67: =IF(MONTH(C67)=MONTH(D$3),RIGHT('Yearly Info'!A$43,LEN('Yearly Info'!A$43)-4),"") | C67: =C58 -> 46056 | D67: =INDIRECT("'" & UPPER(LEFT(TEXT($D$3,"mmmm"),3)) & "'!C40") -> 0
A68: =IF(MONTH(C68)=MONTH(D$3),RIGHT('Yearly Info'!A$14,LEN('Yearly Info'!A$14)-4),"") -> RICS Support for MDEQ | B68: =TEXT(C68,"dddd") -> Wednesday | C68: =C38+1 -> 46057 | D68: =INDIRECT("'" & UPPER(LEFT(TEXT($D$3,"mmmm"),3)) & "'!D11") -> 7 | E68: Graph API Migration SharePoint - Transparency Site Review
A69: =IF(MONTH(C69)=MONTH(D$3),RIGHT('Yearly Info'!A$15,LEN('Yearly Info'!A$15)-4),"") -> MDEQ | C69: =C68 -> 46057 | D69: =INDIRECT("'" & UPPER(LEFT(TEXT($D$3,"mmmm"),3)) & "'!D12") -> 0
A70: =IF(MONTH(C70)=MONTH(D$3),RIGHT('Yearly Info'!A$16,LEN('Yearly Info'!A$16)-4),"") -> RICS Idea Portal | C70: =C69 -> 46057 | D70: =INDIRECT("'" & UPPER(LEFT(TEXT($D$3,"mmmm"),3)) & "'!D13") -> 0
A71: =IF(MONTH(C71)=MONTH(D$3),RIGHT('Yearly Info'!A$17,LEN('Yearly Info'!A$17)-4),"") -> MSWIS | C71: =C70 -> 46057 | D71: =INDIRECT("'" & UPPER(LEFT(TEXT($D$3,"mmmm"),3)) & "'!D14") -> 1 | E71: Axosoft Tickets
A72: =IF(MONTH(C72)=MONTH(D$3),RIGHT('Yearly Info'!A$18,LEN('Yearly Info'!A$18)-4),"") -> GeoSpatial | C72: =C71 -> 46057 | D72: =INDIRECT("'" & UPPER(LEFT(TEXT($D$3,"mmmm"),3)) & "'!D15") -> 0
A73: =IF(MONTH(C73)=MONTH(D$3),RIGHT('Yearly Info'!A$19,LEN('Yearly Info'!A$19)-4),"") -> RICS Dashboard | C73: =C72 -> 46057 | D73: =INDIRECT("'" & UPPER(LEFT(TEXT($D$3,"mmmm"),3)) & "'!D16") -> 0
A74: =IF(MONTH(C74)=MONTH(D$3),RIGHT('Yearly Info'!A$20,LEN('Yearly Info'!A$20)-4),"") -> MDWFP NRIS | C74: =C73 -> 46057 | D74: =INDIRECT("'" & UPPER(LEFT(TEXT($D$3,"mmmm"),3)) & "'!D17") -> 0
A75: =IF(MONTH(C75)=MONTH(D$3),RIGHT('Yearly Info'!A$21,LEN('Yearly Info'!A$21)-4),"") -> MSWIS MRVA 4 CLOSED | C75: =C74 -> 46057 | D75: =INDIRECT("'" & UPPER(LEFT(TEXT($D$3,"mmmm"),3)) & "'!D18") -> 0
A76: =IF(MONTH(C76)=MONTH(D$3),RIGHT('Yearly Info'!A$22,LEN('Yearly Info'!A$22)-4),"") -> Tackett | C76: =C75 -> 46057 | D76: 0
A77: =IF(MONTH(C77)=MONTH(D$3),RIGHT('Yearly Info'!A$23,LEN('Yearly Info'!A$23)-4),"") -> #VALUE! | C77: =C76 -> 46057 | D77: 0
A78: =IF(MONTH(C78)=MONTH(D$3),RIGHT('Yearly Info'!A$24,LEN('Yearly Info'!A$24)-4),"") -> #VALUE! | C78: =C77 -> 46057 | D78: =INDIRECT("'" & UPPER(LEFT(TEXT($D$3,"mmmm"),3)) & "'!D21") -> 0
A79: =IF(MONTH(C79)=MONTH(D$3),RIGHT('Yearly Info'!A$25,LEN('Yearly Info'!A$25)-4),"") -> #VALUE! | C79: =C78 -> 46057 | D79: =INDIRECT("'" & UPPER(LEFT(TEXT($D$3,"mmmm"),3)) & "'!D22") -> 0
A80: =IF(MONTH(C80)=MONTH(D$3),RIGHT('Yearly Info'!A$26,LEN('Yearly Info'!A$26)-4),"") -> #VALUE! | C80: =C79 -> 46057 | D80: =INDIRECT("'" & UPPER(LEFT(TEXT($D$3,"mmmm"),3)) & "'!D23") -> 0
A81: =IF(MONTH(C81)=MONTH(D$3),RIGHT('Yearly Info'!A$27,LEN('Yearly Info'!A$27)-4),"") -> #VALUE! | C81: =C80 -> 46057 | D81: =INDIRECT("'" & UPPER(LEFT(TEXT($D$3,"mmmm"),3)) & "'!D24") -> 0
A82: =IF(MONTH(C82)=MONTH(D$3),RIGHT('Yearly Info'!A$28,LEN('Yearly Info'!A$28)-4),"") -> #VALUE! | C82: =C81 -> 46057 | D82: =INDIRECT("'" & UPPER(LEFT(TEXT($D$3,"mmmm"),3)) & "'!D25") -> 0
A83: =IF(MONTH(C83)=MONTH(D$3),RIGHT('Yearly Info'!A$29,LEN('Yearly Info'!A$29)-4),"") -> #VALUE! | C83: =C82 -> 46057 | D83: =INDIRECT("'" & UPPER(LEFT(TEXT($D$3,"mmmm"),3)) & "'!D26") -> 0
A84: =IF(MONTH(C84)=MONTH(D$3),RIGHT('Yearly Info'!A$30,LEN('Yearly Info'!A$30)-4),"") -> #VALUE! | C84: =C83 -> 46057 | D84: =INDIRECT("'" & UPPER(LEFT(TEXT($D$3,"mmmm"),3)) & "'!D27") -> 0
A85: =IF(MONTH(C85)=MONTH(D$3),RIGHT('Yearly Info'!A$31,LEN('Yearly Info'!A$31)-4),"") -> #VALUE! | C85: =C84 -> 46057 | D85: =INDIRECT("'" & UPPER(LEFT(TEXT($D$3,"mmmm"),3)) & "'!D28") -> 0
A86: =IF(MONTH(C86)=MONTH(D$3),RIGHT('Yearly Info'!A$32,LEN('Yearly Info'!A$32)-4),"") -> #VALUE! | C86: =C85 -> 46057 | D86: =INDIRECT("'" & UPPER(LEFT(TEXT($D$3,"mmmm"),3)) & "'!D29") -> 0
A87: =IF(MONTH(C87)=MONTH(D$3),RIGHT('Yearly Info'!A$33,LEN('Yearly Info'!A$33)-4),"") -> #VALUE! | C87: =C86 -> 46057 | D87: =INDIRECT("'" & UPPER(LEFT(TEXT($D$3,"mmmm"),3)) & "'!D30") -> 0
A88: =IF(MONTH(C88)=MONTH(D$3),RIGHT('Yearly Info'!A$34,LEN('Yearly Info'!A$34)-4),"") -> #VALUE! | C88: =C87 -> 46057 | D88: =INDIRECT("'" & UPPER(LEFT(TEXT($D$3,"mmmm"),3)) & "'!D31") -> 0
A89: =IF(MONTH(C89)=MONTH(D$3),RIGHT('Yearly Info'!A$35,LEN('Yearly Info'!A$35)-4),"") -> #VALUE! | C89: =C88 -> 46057 | D89: =INDIRECT("'" & UPPER(LEFT(TEXT($D$3,"mmmm"),3)) & "'!D32") -> 0
A90: =IF(MONTH(C90)=MONTH(D$3),RIGHT('Yearly Info'!A$36,LEN('Yearly Info'!A$36)-4),"") -> #VALUE! | C90: =C89 -> 46057 | D90: =INDIRECT("'" & UPPER(LEFT(TEXT($D$3,"mmmm"),3)) & "'!D33") -> 0
A91: =IF(MONTH(C91)=MONTH(D$3),RIGHT('Yearly Info'!A$37,LEN('Yearly Info'!A$37)-4),"") -> #VALUE! | C91: =C90 -> 46057 | D91: =INDIRECT("'" & UPPER(LEFT(TEXT($D$3,"mmmm"),3)) & "'!D34") -> 0
A92: =IF(MONTH(C92)=MONTH(D$3),RIGHT('Yearly Info'!A$38,LEN('Yearly Info'!A$38)-4),"") -> #VALUE! | C92: =C91 -> 46057 | D92: =INDIRECT("'" & UPPER(LEFT(TEXT($D$3,"mmmm"),3)) & "'!D35") -> 0
A93: =IF(MONTH(C93)=MONTH(D$3),RIGHT('Yearly Info'!A$39,LEN('Yearly Info'!A$39)-4),"") -> #VALUE! | C93: =C92 -> 46057 | D93: =INDIRECT("'" & UPPER(LEFT(TEXT($D$3,"mmmm"),3)) & "'!D36") -> 0
A94: =IF(MONTH(C94)=MONTH(D$3),RIGHT('Yearly Info'!A$40,LEN('Yearly Info'!A$40)-4),"") -> #VALUE! | C94: =C93 -> 46057 | D94: =INDIRECT("'" & UPPER(LEFT(TEXT($D$3,"mmmm"),3)) & "'!D37") -> 0
A95: =IF(MONTH(C95)=MONTH(D$3),RIGHT('Yearly Info'!A$41,LEN('Yearly Info'!A$41)-4),"") | C95: =C86 -> 46057 | D95: =INDIRECT("'" & UPPER(LEFT(TEXT($D$3,"mmmm"),3)) & "'!D38") -> 0
A96: =IF(MONTH(C96)=MONTH(D$3),RIGHT('Yearly Info'!A$42,LEN('Yearly Info'!A$42)-4),"") | C96: =C95 -> 46057 | D96: =INDIRECT("'" & UPPER(LEFT(TEXT($D$3,"mmmm"),3)) & "'!D39") -> 0
A97: =IF(MONTH(C97)=MONTH(D$3),RIGHT('Yearly Info'!A$43,LEN('Yearly Info'!A$43)-4),"") | C97: =C96 -> 46057 | D97: =INDIRECT("'" & UPPER(LEFT(TEXT($D$3,"mmmm"),3)) & "'!D40") -> 0
A98: =IF(MONTH(C98)=MONTH(D$3),RIGHT('Yearly Info'!A$14,LEN('Yearly Info'!A$14)-4),"") -> RICS Support for MDEQ | B98: =TEXT(C98,"dddd") -> Thursday | C98: =C68+1 -> 46058 | D98: =INDIRECT("'" & UPPER(LEFT(TEXT($D$3,"mmmm"),3)) & "'!E11") -> 5 | E98: Graph API Testing - Code Updates - Transparancy
A99: =IF(MONTH(C99)=MONTH(D$3),RIGHT('Yearly Info'!A$15,LEN('Yearly Info'!A$15)-4),"") -> MDEQ | C99: =C98 -> 46058 | D99: =INDIRECT("'" & UPPER(LEFT(TEXT($D$3,"mmmm"),3)) & "'!E12") -> 0
A100: =IF(MONTH(C100)=MONTH(D$3),RIGHT('Yearly Info'!A$16,LEN('Yearly Info'!A$16)-4),"") -> RICS Idea Portal | C100: =C99 -> 46058 | D100: =INDIRECT("'" & UPPER(LEFT(TEXT($D$3,"mmmm"),3)) & "'!E13") -> 0
A101: =IF(MONTH(C101)=MONTH(D$3),RIGHT('Yearly Info'!A$17,LEN('Yearly Info'!A$17)-4),"") -> MSWIS | C101: =C100 -> 46058 | D101: =INDIRECT("'" & UPPER(LEFT(TEXT($D$3,"mmmm"),3)) & "'!E14") -> 3 | E101: Axosoft Tickets
A102: =IF(MONTH(C102)=MONTH(D$3),RIGHT('Yearly Info'!A$18,LEN('Yearly Info'!A$18)-4),"") -> GeoSpatial | C102: =C101 -> 46058 | D102: =INDIRECT("'" & UPPER(LEFT(TEXT($D$3,"mmmm"),3)) & "'!E15") -> 0
A103: =IF(MONTH(C103)=MONTH(D$3),RIGHT('Yearly Info'!A$19,LEN('Yearly Info'!A$19)-4),"") -> RICS Dashboard | C103: =C102 -> 46058 | D103: =INDIRECT("'" & UPPER(LEFT(TEXT($D$3,"mmmm"),3)) & "'!E16") -> 0
A104: =IF(MONTH(C104)=MONTH(D$3),RIGHT('Yearly Info'!A$20,LEN('Yearly Info'!A$20)-4),"") -> MDWFP NRIS | C104: =C103 -> 46058 | D104: =INDIRECT("'" & UPPER(LEFT(TEXT($D$3,"mmmm"),3)) & "'!E17") -> 0
...

Sheet MAR
B2: MONTHLY TIME RECORD
B3: Name: | D3: ='Yearly Info'!A45 -> Don Woods
B4: Month: | D4: ='Yearly Info'!D3 -> 46082 | J4: Year: | L4: ='Yearly Info'!B1 -> 2026
A6: Project No. & Description | B6: Day of the Month | AI6: Total Hours
B7: =IF(WEEKDAY(D$4,2)>5,D$4+8 - WEEKDAY(D$4,2),D$4-(WEEKDAY(D$4,2)-1)) -> 46083 | C7: =B7+1 -> 46084 | D7: =C7+1 -> 46085 | E7: =D7+1 -> 46086 | F7: =E7+1 -> 46087 | G7: =F7+1 -> 46088 | H7: =G7+1 -> 46089 | I7: =H7+1 -> 46090 | J7: =I7+1 -> 46091 | ... AH7: =AG7+1 -> 46115 | AI7: Hours
B8: =HYPERLINK("#'"&UPPER(LEFT(TEXT($D$4,"mmmm"),3))&"-DEQ'!E8",TEXT(WEEKDAY(B7),"ddd")) -> Mon | C8: =HYPERLINK("#'"&UPPER(LEFT(TEXT($D$4,"mmmm"),3))&"-DEQ'!E15",TEXT(WEEKDAY(C7),"ddd")) -> Tue | D8: =HYPERLINK("#'"&UPPER(LEFT(TEXT($D$4,"mmmm"),3))&"-DEQ'!E22",TEXT(WEEKDAY(D7),"ddd")) -> Wed | E8: =HYPERLINK("#'"&UPPER(LEFT(TEXT($D$4,"mmmm"),3))&"-DEQ'!E29",TEXT(WEEKDAY(E7),"ddd")) -> Thu | F8: =HYPERLINK("#'"&UPPER(LEFT(TEXT($D$4,"mmmm"),3))&"-DEQ'!E36",TEXT(WEEKDAY(F7),"ddd")) -> Fri | G8: =LEFT(TEXT(WEEKDAY(G7),"ddd"),1) -> S | H8: =LEFT(TEXT(WEEKDAY(H7),"ddd"),1) -> S | I8: =HYPERLINK("#'"&UPPER(LEFT(TEXT($D$4,"mmmm"),3))&"-DEQ'!E43",TEXT(WEEKDAY(I7),"ddd")) -> Mon | J8: =HYPERLINK("#'"&UPPER(LEFT(TEXT($D$4,"mmmm"),3))&"-DEQ'!E50",TEXT(WEEKDAY(J7),"ddd")) -> Tue | K8: =HYPERLINK("#'"&UPPER(LEFT(TEXT($D$4,"mmmm"),3))&"-DEQ'!E57",TEXT(WEEKDAY(K7),"ddd")) -> Wed | L8: =HYPERLINK("#'"&UPPER(LEFT(TEXT($D$4,"mmmm"),3))&"-DEQ'!E64",TEXT(WEEKDAY(L7),"ddd")) -> Thu | M8: =HYPERLINK("#'"&UPPER(LEFT(TEXT($D$4,"mmmm"),3))&"-DEQ'!E71",TEXT(WEEKDAY(M7),"ddd")) -> Fri | N8: =LEFT(TEXT(WEEKDAY(N7),"ddd"),1) -> S | O8: =LEFT(TEXT(WEEKDAY(O7),"ddd"),1) -> S | P8: =HYPERLINK("#'"&UPPER(LEFT(TEXT($D$4,"mmmm"),3))&"-DEQ'!E78",TEXT(WEEKDAY(P7),"ddd")) -> Mon | Q8: =HYPERLINK("#'"&UPPER(LEFT(TEXT($D$4,"mmmm"),3))&"-DEQ'!E85",TEXT(WEEKDAY(Q7),"ddd")) -> Tue | R8: =HYPERLINK("#'"&UPPER(LEFT(TEXT($D$4,"mmmm"),3))&"-DEQ'!E92",TEXT(WEEKDAY(R7),"ddd")) -> Wed | S8: =HYPERLINK("#'"&UPPER(LEFT(TEXT($D$4,"mmmm"),3))&"-DEQ'!E99",TEXT(WEEKDAY(S7),"ddd")) -> Thu | T8: =HYPERLINK("#'"&UPPER(LEFT(TEXT($D$4,"mmmm"),3))&"-DEQ'!E106",TEXT(WEEKDAY(T7),"ddd")) -> Fri | U8: =LEFT(TEXT(WEEKDAY(U7),"ddd"),1) -> S | V8: =LEFT(TEXT(WEEKDAY(V7),"ddd"),1) -> S | W8: =HYPERLINK("#'"&UPPER(LEFT(TEXT($D$4,"mmmm"),3))&"-DEQ'!E113",TEXT(WEEKDAY(W7),"ddd")) -> Mon | X8: =HYPERLINK("#'"&UPPER(LEFT(TEXT($D$4,"mmmm"),3))&"-DEQ'!E120",TEXT(WEEKDAY(X7),"ddd")) -> Tue | Y8: =HYPERLINK("#'"&UPPER(LEFT(TEXT($D$4,"mmmm"),3))&"-DEQ'!E127",TEXT(WEEKDAY(Y7),"ddd")) -> Wed | Z8: =HYPERLINK("#'"&UPPER(LEFT(TEXT($D$4,"mmmm"),3))&"-DEQ'!E134",TEXT(WEEKDAY(Z7),"ddd")) -> Thu | AA8: =HYPERLINK("#'"&UPPER(LEFT(TEXT($D$4,"mmmm"),3))&"-DEQ'!E141",TEXT(WEEKDAY(AA7),"ddd")) -> Fri | AB8: =LEFT(TEXT(WEEKDAY(AB7),"ddd"),1) -> S | AC8: =LEFT(TEXT(WEEKDAY(AC7),"ddd"),1) -> S | AD8: =HYPERLINK("#'"&UPPER(LEFT(TEXT($D$4,"mmmm"),3))&"-DEQ'!E149",TEXT(WEEKDAY(AD7),"ddd")) -> Mon | AE8: =HYPERLINK("#'"&UPPER(LEFT(TEXT($D$4,"mmmm"),3))&"-DEQ'!E155",TEXT(WEEKDAY(AE7),"ddd")) -> Tue | AF8: =HYPERLINK("#'"&UPPER(LEFT(TEXT($D$4,"mmmm"),3))&"-DEQ'!E162",TEXT(WEEKDAY(AF7),"ddd")) -> Wed | AG8: =HYPERLINK("#'"&UPPER(LEFT(TEXT($D$4,"mmmm"),3))&"-DEQ'!E169",TEXT(WEEKDAY(AG7),"ddd")) -> Thu | AH8: =HYPERLINK("#'"&UPPER(LEFT(TEXT($D$4,"mmmm"),3))&"-DEQ'!E176",TEXT(WEEKDAY(AH7),"ddd")) -> Fri
A9: Hours
A10: ='Yearly Info'!A13 -> Enter Job #s on Yearly Info Tab
A11: ='Yearly Info'!A14 -> RICS Support for MDEQ | B11: 8 | C11: 4 | D11: 8 | F11: 8 | I11: 8 | J11: 1 | K11: 4 | L11: 5 | W11: 2 | Z11: 2 | AD11: 2 | AI11: =SUM(B11:AH11) -> 52
A12: ='Yearly Info'!A15 -> MDEQ | AI12: =SUM(B12:AH12) -> 0
A13: ='Yearly Info'!A16 -> RICS Idea Portal | E13: 2 | AI13: =SUM(B13:AH13) -> 2
A14: ='Yearly Info'!A17 -> MSWIS | C14: 4 | E14: 4 | J14: 12 | K14: 4 | Q14: 4 | W14: 2 | X14: 10 | Y14: 8 | Z14: 8 | AA14: 14 | AD14: 8 | AE14: 4 | AI14: =SUM(B14:AH14) -> 82
A15: ='Yearly Info'!A18 -> GeoSpatial | AI15: =SUM(B15:AH15) -> 0
A16: ='Yearly Info'!A19 -> RICS Dashboard | AI16: =SUM(B16:AH16) -> 0
A17: ='Yearly Info'!A20 -> MDWFP NRIS | Q17: 4 | W17: 4 | AI17: =SUM(B17:AH17) -> 8
A18: ='Yearly Info'!A21 -> MSWIS MRVA 4 CLOSED | E18: 4 | AI18: =SUM(B18:AH18) -> 4
A19: ='Yearly Info'!A22 -> Tackett | L19: 4 | M19: 8 | P19: 11 | R19: 8 | S19: 8 | T19: 8 | AI19: =SUM(B19:AH19) -> 47
A20: ='Yearly Info'!A23 -> 0 | AI20: =SUM(B20:AH20) -> 0
A21: ='Yearly Info'!A24 -> 0 | AI21: =SUM(B21:AH21) -> 0
A22: ='Yearly Info'!A25 -> 0 | AI22: =SUM(B22:AH22) -> 0
A23: ='Yearly Info'!A26 -> 0 | AI23: =SUM(B23:AH23) -> 0
A24: ='Yearly Info'!A27 -> 0 | AI24: =SUM(B24:AH24) -> 0
A25: ='Yearly Info'!A28 -> 0 | AI25: =SUM(B25:AH25) -> 0
A26: ='Yearly Info'!A29 -> 0 | AI26: =SUM(B26:AH26) -> 0
A27: ='Yearly Info'!A30 -> 0 | AI27: =SUM(B27:AH27) -> 0
A28: ='Yearly Info'!A31 -> 0 | AI28: =SUM(B28:AH28) -> 0
A29: ='Yearly Info'!A32 -> 0 | AI29: =SUM(B29:AH29) -> 0
A30: ='Yearly Info'!A33 -> 0 | AI30: =SUM(B30:AH30) -> 0
A31: ='Yearly Info'!A34 -> 0 | AI31: =SUM(B31:AH31) -> 0
... A40: ='Yearly Info'!A43 | AI40: =SUM(B40:AH40) -> 0
AI41: =SUM(B41:AH41) -> 0
A42: Total | B42: =SUM(B9:B40) -> 8 | C42: =SUM(C9:C40) -> 8 | D42: =SUM(D9:D40) -> 8 | E42: =SUM(E9:E40) -> 10 | F42: =SUM(F9:F40) -> 8 | G42: =SUM(G9:G40) -> 0 | H42: =SUM(H9:H40) -> 0 | I42: =SUM(I9:I40) -> 8 | ... AE42: =SUM(AE9:AE40) -> 4 | AF42: =SUM(AF9:AF41) -> 0 | AG42: =SUM(AG9:AG40) -> 0 | AH42: =SUM(AH9:AH40) -> 0 | AI42: =SUM(AI11:AI41) -> 195
A43: Leave - Holiday | B43: =IF(B7<$D$4,0, IF(B7='Yearly Info'!$C2, 8, IF(B7='Yearly Info'!$C3, 8, IF(B7='Yearly Info'!$C4, 8, IF(B7='Yearly Info'!$C5, 8, IF(B7='Yearly Info'!$C6, 8, IF(B7='Yearly Info'!$C7, 8, IF(B7='Yearly Info'!$C8, 8, IF(B7='Yearly Info'!$C9, 8, IF(B7='Yearly Info'!$C10, 8, IF(B7='Yearly Info'!$C11,8,0))))))))))) -> 0 | C43: =IF(C7<$D$4,0, IF(C7='Yearly Info'!$C2, 8, IF(C7='Yearly Info'!$C3, 8, IF(C7='Yearly Info'!$C4, 8, IF(C7='Yearly Info'!$C5, 8, IF(C7='Yearly Info'!$C6, 8, IF(C7='Yearly Info'!$C7, 8, IF(C7='Yearly Info'!$C8, 8, IF(C7='Yearly Info'!$C9, 8, IF(C7='Yearly Info'!$C10, 8, IF(C7='Yearly Info'!$C11,8,0))))))))))) -> 0 | D43: =IF(D7<$D$4,0, IF(D7='Yearly Info'!$C2, 8, IF(D7='Yearly Info'!$C3, 8, IF(D7='Yearly Info'!$C4, 8, IF(D7='Yearly Info'!$C5, 8, IF(D7='Yearly Info'!$C6, 8, IF(D7='Yearly Info'!$C7, 8, IF(D7='Yearly Info'!$C8, 8, IF(D7='Yearly Info'!$C9, 8, IF(D7='Yearly Info'!$C10, 8, IF(D7='Yearly Info'!$C11,8,0))))))))))) -> 0 | E43: =IF(E7<$D$4,0, IF(E7='Yearly Info'!$C2, 8, IF(E7='Yearly Info'!$C3, 8, IF(E7='Yearly Info'!$C4, 8, IF(E7='Yearly Info'!$C5, 8, IF(E7='Yearly Info'!$C6, 8, IF(E7='Yearly Info'!$C7, 8, IF(E7='Yearly Info'!$C8, 8, IF(E7='Yearly Info'!$C9, 8, IF(E7='Yearly Info'!$C10, 8, IF(E7='Yearly Info'!$C11,8,0))))))))))) -> 0 | F43: =IF(F7<$D$4,0, IF(F7='Yearly Info'!$C2, 8, IF(F7='Yearly Info'!$C3, 8, IF(F7='Yearly Info'!$C4, 8, IF(F7='Yearly Info'!$C5, 8, IF(F7='Yearly Info'!$C6, 8, IF(F7='Yearly Info'!$C7, 8, IF(F7='Yearly Info'!$C8, 8, IF(F7='Yearly Info'!$C9, 8, IF(F7='Yearly Info'!$C10, 8, IF(F7='Yearly Info'!$C11,8,0))))))))))) -> 0 | G43: =IF(G7='Yearly Info'!$C2, 8, IF(G7='Yearly Info'!$C3, 8, IF(G7='Yearly Info'!$C4, 8, IF(G7='Yearly Info'!$C5, 8, IF(G7='Yearly Info'!$C6, 8, IF(G7='Yearly Info'!$C7, 8, IF(G7='Yearly Info'!$C8, 8, IF(G7='Yearly Info'!$C9, 8, IF(G7='Yearly Info'!$C10, 8, IF(G7='Yearly Info'!$C11,8,0)))))))))) -> 0 | H43: =IF(H7='Yearly Info'!$C2, 8, IF(H7='Yearly Info'!$C3, 8, IF(H7='Yearly Info'!$C4, 8, IF(H7='Yearly Info'!$C5, 8, IF(H7='Yearly Info'!$C6, 8, IF(H7='Yearly Info'!$C7, 8, IF(H7='Yearly Info'!$C8, 8, IF(H7='Yearly Info'!$C9, 8, IF(H7='Yearly Info'!$C10, 8, IF(H7='Yearly Info'!$C11,8,0)))))))))) -> 0 | I43: =IF(I7='Yearly Info'!$C2, 8, IF(I7='Yearly Info'!$C3, 8, IF(I7='Yearly Info'!$C4, 8, IF(I7='Yearly Info'!$C5, 8, IF(I7='Yearly Info'!$C6, 8, IF(I7='Yearly Info'!$C7, 8, IF(I7='Yearly Info'!$C8, 8, IF(I7='Yearly Info'!$C9, 8, IF(I7='Yearly Info'!$C10, 8, IF(I7='Yearly Info'!$C11,8,0)))))))))) -> 0 | J43: =IF(J7='Yearly Info'!$C2, 8, IF(J7='Yearly Info'!$C3, 8, IF(J7='Yearly Info'!$C4, 8, IF(J7='Yearly Info'!$C5, 8, IF(J7='Yearly Info'!$C6, 8, IF(J7='Yearly Info'!$C7, 8, IF(J7='Yearly Info'!$C8, 8, IF(J7='Yearly Info'!$C9, 8, IF(J7='Yearly Info'!$C10, 8, IF(J7='Yearly Info'!$C11,8,0)))))))))) -> 0 | K43: =IF(K7='Yearly Info'!$C2, 8, IF(K7='Yearly Info'!$C3, 8, IF(K7='Yearly Info'!$C4, 8, IF(K7='Yearly Info'!$C5, 8, IF(K7='Yearly Info'!$C6, 8, IF(K7='Yearly Info'!$C7, 8, IF(K7='Yearly Info'!$C8, 8, IF(K7='Yearly Info'!$C9, 8, IF(K7='Yearly Info'!$C10, 8, IF(K7='Yearly Info'!$C11,8,0)))))))))) -> 0 | L43: =IF(L7='Yearly Info'!$C2, 8, IF(L7='Yearly Info'!$C3, 8, IF(L7='Yearly Info'!$C4, 8, IF(L7='Yearly Info'!$C5, 8, IF(L7='Yearly Info'!$C6, 8, IF(L7='Yearly Info'!$C7, 8, IF(L7='Yearly Info'!$C8, 8, IF(L7='Yearly Info'!$C9, 8, IF(L7='Yearly Info'!$C10, 8, IF(L7='Yearly Info'!$C11,8,0)))))))))) -> 0 | M43: =IF(M7='Yearly Info'!$C2, 8, IF(M7='Yearly Info'!$C3, 8, IF(M7='Yearly Info'!$C4, 8, IF(M7='Yearly Info'!$C5, 8, IF(M7='Yearly Info'!$C6, 8, IF(M7='Yearly Info'!$C7, 8, IF(M7='Yearly Info'!$C8, 8, IF(M7='Yearly Info'!$C9, 8, IF(M7='Yearly Info'!$C10, 8, IF(M7='Yearly Info'!$C11,8,0)))))))))) -> 0 | N43: =IF(N7='Yearly Info'!$C2, 8, IF(N7='Yearly Info'!$C3, 8, IF(N7='Yearly Info'!$C4, 8, IF(N7='Yearly Info'!$C5, 8, IF(N7='Yearly Info'!$C6, 8, IF(N7='Yearly Info'!$C7, 8, IF(N7='Yearly Info'!$C8, 8, IF(N7='Yearly Info'!$C9, 8, IF(N7='Yearly Info'!$C10, 8, IF(N7='Yearly Info'!$C11,8,0)))))))))) -> 0 | ... AA43: =IF(AA7='Yearly Info'!$C2, 8, IF(AA7='Yearly Info'!$C3, 8, IF(AA7='Yearly Info'!$C4, 8, IF(AA7='Yearly Info'!$C5, 8, IF(AA7='Yearly Info'!$C6, 8, IF(AA7='Yearly Info'!$C7, 8, IF(AA7='Yearly Info'!$C8, 8, IF(AA7='Yearly Info'!$C9, 8, IF(AA7='Yearly Info'!$C10, 8, IF(AA7='Yearly Info'!$C11,8,0)))))))))) -> 0 | AB43: =IF(AB7>EOMONTH($D$4,0),0, IF(AB7='Yearly Info'!$C2, 8, IF(AB7='Yearly Info'!$C3, 8, IF(AB7='Yearly Info'!$C4, 8, IF(AB7='Yearly Info'!$C5, 8, IF(AB7='Yearly Info'!$C6, 8, IF(AB7='Yearly Info'!$C7, 8, IF(AB7='Yearly Info'!$C8, 8, IF(AB7='Yearly Info'!$C9, 8, IF(AB7='Yearly Info'!$C10, 8, IF(AB7='Yearly Info'!$C11,8,0))))))))))) -> 0 | AC43: =IF(AC7>EOMONTH($D$4,0),0, IF(AC7='Yearly Info'!$C2, 8, IF(AC7='Yearly Info'!$C3, 8, IF(AC7='Yearly Info'!$C4, 8, IF(AC7='Yearly Info'!$C5, 8, IF(AC7='Yearly Info'!$C6, 8, IF(AC7='Yearly Info'!$C7, 8, IF(AC7='Yearly Info'!$C8, 8, IF(AC7='Yearly Info'!$C9, 8, IF(AC7='Yearly Info'!$C10, 8, IF(AC7='Yearly Info'!$C11,8,0))))))))))) -> 0 | AE43: =IF(AE7>EOMONTH($D$4,0),0, IF(AE7='Yearly Info'!$C2, 8, IF(AE7='Yearly Info'!$C3, 8, IF(AE7='Yearly Info'!$C4, 8, IF(AE7='Yearly Info'!$C5, 8, IF(AE7='Yearly Info'!$C6, 8, IF(AE7='Yearly Info'!$C7, 8, IF(AE7='Yearly Info'!$C8, 8, IF(AE7='Yearly Info'!$C9, 8, IF(AE7='Yearly Info'!$C10, 8, IF(AE7='Yearly Info'!$C11,8,0))))))))))) -> 0 | AF43: =IF(AF7>EOMONTH($D$4,0),0, IF(AF7='Yearly Info'!$C2, 8, IF(AF7='Yearly Info'!$C3, 8, IF(AF7='Yearly Info'!$C4, 8, IF(AF7='Yearly Info'!$C5, 8, IF(AF7='Yearly Info'!$C6, 8, IF(AF7='Yearly Info'!$C7, 8, IF(AF7='Yearly Info'!$C8, 8, IF(AF7='Yearly Info'!$C9, 8, IF(AF7='Yearly Info'!$C10, 8, IF(AF7='Yearly Info'!$C11,8,0))))))))))) -> 0 | AG43: =IF(AG7>EOMONTH($D$4,0),0, IF(AG7='Yearly Info'!$C2, 8, IF(AG7='Yearly Info'!$C3, 8, IF(AG7='Yearly Info'!$C4, 8, IF(AG7='Yearly Info'!$C5, 8, IF(AG7='Yearly Info'!$C6, 8, IF(AG7='Yearly Info'!$C7, 8, IF(AG7='Yearly Info'!$C8, 8, IF(AG7='Yearly Info'!$C9, 8, IF(AG7='Yearly Info'!$C10, 8, IF(AG7='Yearly Info'!$C11,8,0))))))))))) -> 0 | AH43: =IF(AH7>EOMONTH($D$4,0),0, IF(AH7='Yearly Info'!$C2, 8, IF(AH7='Yearly Info'!$C3, 8, IF(AH7='Yearly Info'!$C4, 8, IF(AH7='Yearly Info'!$C5, 8, IF(AH7='Yearly Info'!$C6, 8, IF(AH7='Yearly Info'!$C7, 8, IF(AH7='Yearly Info'!$C8, 8, IF(AH7='Yearly Info'!$C9, 8, IF(AH7='Yearly Info'!$C10, 8, IF(AH7='Yearly Info'!$C11,8,0))))))))))) -> 0 | AI43: =SUM(B43:AH43) -> 0
B44: Leave - Personal | AI44: =IF(SUM(B48:AH48)-AI42-AI43>0,SUM(B48:AH48)-AI42-AI43,0) -> 0
B45: Extended Work Week (Extra Hours) | AI45: =IF(SUM(B48:AH48)-AI42-AI43<0,(SUM(B48:AH48)-AI42-AI43)*-1,0) -> 19
A46: Daily Total | B46: =SUM(B45,B43,B42) -> 8 | C46: =SUM(C45,C43,C42) -> 8 | D46: =SUM(D45,D43,D42) -> 8 | E46: =SUM(E45,E43,E42) -> 10 | F46: =SUM(F45,F43,F42) -> 8 | G46: =SUM(G45,G43,G42) -> 0 | H46: =SUM(H45,H43,H42) -> 0 | I46: =SUM(I45,I43,I42) -> 8 | ... AH46: =SUM(AH45,AH43,AH42) -> 0 | AI46: =SUM(B46:AH46) -> 195
A47: Weekly Total | B47: =IF(B8="Sun",SUM(B46),"") | C47: =IF(C8="Sun",SUM(B46,C46),"") | D47: =IF(D8="Sun",SUM(B46,C46,D46),"") | E47: =IF(E8="Sun",SUM(B46,C46,D46,E46),"") | F47: =SUM(B46:H46) -> 42 | I47: =IF(I8="Sun",SUM(C46,D46,E46,F46,G46,H46,I46),"") | J47: =IF(J8="Sun",SUM(D46,E46,F46,G46,H46,I46,J46),"") | K47: =IF(K8="Sun",SUM(E46,F46,G46,H46,I46,J46,K46),"") | L47: =IF(L8="Sun",SUM(F46,G46,H46,I46,J46,K46,L46),"") | M47: =SUM(I46:O46) -> 46 | P47: =IF(P8="Sun",SUM(J46,K46,L46,M46,N46,O46,P46),"") | Q47: =IF(Q8="Sun",SUM(K46,L46,M46,N46,O46,P46,Q46),"") | R47: =IF(R8="Sun",SUM(L46,M46,N46,O46,P46,Q46,R46),"") | S47: =IF(S8="Sun",SUM(M46,N46,O46,P46,Q46,R46,S46),"") | T47: =SUM(P46:V46) -> 43 | W47: =IF(W8="Sun",SUM(Q46,R46,S46,T46,U46,V46,W46),"") | X47: =IF(X8="Sun",SUM(R46,S46,T46,U46,V46,W46,X46),"") | Y47: =IF(Y8="Sun",SUM(S46,T46,U46,V46,W46,X46,Y46),"") | Z47: =IF(Z8="Sun",SUM(T46,U46,V46,W46,X46,Y46,Z46),"") | AA47: =SUM(W46:AC46) -> 50 | AD47: =IF(AD8="Sun",SUM(X46,Y46,Z46,AA46,AB46,AC46,AD46),"") | AE47: =IF(AE8="Sun",SUM(Y46,Z46,AA46,AB46,AC46,AD46,AE46),"") | AF47: =IF(AF8="Sun",SUM(Z46,AA46,AB46,AC46,AD46,AE46,AF46),"") | AG47: =IF(AG8="Sun",SUM(AA46,AB46,AC46,AD46,AE46,AF46,AG46),"") | AH47: =SUM(AD46:AH46) -> 14 | AI47: =SUM(B47:AH47) -> 195
B48: =IF(B7>=$D$4,IF(B7<=EOMONTH($D$4,0), IF(B8="S",0,IF(B8="S",0,8)),0),0) -> 8 | C48: =IF(C7>=$D$4,IF(C7<=EOMONTH($D$4,0), IF(C8="S",0,IF(C8="S",0,8)),0),0) -> 8 | D48: =IF(D7>=$D$4,IF(D7<=EOMONTH($D$4,0), IF(D8="S",0,IF(D8="S",0,8)),0),0) -> 8 | E48: =IF(E7>=$D$4,IF(E7<=EOMONTH($D$4,0), IF(E8="S",0,IF(E8="S",0,8)),0),0) -> 8 | F48: =IF(F7>=$D$4,IF(F7<=EOMONTH($D$4,0), IF(F8="S",0,IF(F8="S",0,8)),0),0) -> 8 | G48: =IF(G7>=$D$4,IF(G7<=EOMONTH($D$4,0), IF(G8="S",0,IF(G8="S",0,8)),0),0) -> 0 | H48: =IF(H7>=$D$4,IF(H7<=EOMONTH($D$4,0), IF(H8="S",0,IF(H8="S",0,8)),0),0) -> 0 | I48: =IF(I7>=$D$4,IF(I7<=EOMONTH($D$4,0), IF(I8="S",0,IF(I8="S",0,8)),0),0) -> 8 | ... AH48: =IF(AH7>=$D$4,IF(AH7<=EOMONTH($D$4,0), IF(AH8="S",0,IF(AH8="S",0,8)),0),0) -> 0 | AI48: =SUM(B48:AH48) -> 176
B53: MONTHLY TIME RECORD
B54: Name: | D54: =D3 -> Don Woods
B55: Month: | D55: =D4 -> 46082 | J55: Year: | L55: =L4 -> 2026
A57: Project No. & Description | B57: Day of the Month | AI57: Total Hours
B58: =IF(WEEKDAY(D$4,2)>5,D$4+8 - WEEKDAY(D$4,2),D$4-(WEEKDAY(D$4,2)-1)) -> 46083 | C58: =B58+1 -> 46084 | D58: =C58+1 -> 46085 | E58: =D58+1 -> 46086 | F58: =E58+1 -> 46087 | G58: =F58+1 -> 46088 | H58: =G58+1 -> 46089 | I58: =H58+1 -> 46090 | J58: =I58+1 -> 46091 | ... AH58: =AG58+1 -> 46115 | AI58: Hours
B59: =TEXT(WEEKDAY(B58),"ddd") -> Mon | C59: =TEXT(WEEKDAY(C58),"ddd") -> Tue | D59: =TEXT(WEEKDAY(D58),"ddd") -> Wed | E59: =TEXT(WEEKDAY(E58),"ddd") -> Thu | F59: =TEXT(WEEKDAY(F58),"ddd") -> Fri | G59: =TEXT(WEEKDAY(G58),"ddd") -> Sat | H59: =TEXT(WEEKDAY(H58),"ddd") -> Sun | I59: =TEXT(WEEKDAY(I58),"ddd") -> Mon | ... AH59: =TEXT(WEEKDAY(AH58),"ddd") -> Fri
A60: Hours
A61: =A10 -> Enter Job #s on Yearly Info Tab
A62: =A11 -> RICS Support for MDEQ | B62: =B11 -> 8 | C62: =C11 -> 4 | D62: =D11 -> 8 | E62: =E11 -> 0 | F62: =F11 -> 8 | G62: =G11 -> 0 | H62: =H11 -> 0 | ... AH62: =AH11 -> 0 | AI62: =SUM(B62:AH62) -> 52
A63: =A12 -> MDEQ | B63: =B12 -> 0 | C63: =C12 -> 0 | D63: =D12 -> 0 | E63: =E12 -> 0 | F63: =F12 -> 0 | G63: =G12 -> 0 | H63: =H12 -> 0 | ... AH63: =AH12 -> 0 | AI63: =SUM(B63:AH63) -> 0
A64: =A13 -> RICS Idea Portal | B64: =B13 -> 0 | C64: =C13 -> 0 | D64: =D13 -> 0 | E64: =E13 -> 2 | F64: =F13 -> 0 | G64: =G13 -> 0 | H64: =H13 -> 0 | ... AH64: =AH13 -> 0 | AI64: =SUM(B64:AH64) -> 2
A65: =A14 -> MSWIS | B65: =B14 -> 0 | C65: =C14 -> 4 | D65: =D14 -> 0 | E65: 8 | F65: =F14 -> 0 | G65: =G14 -> 0 | H65: =H14 -> 0 | I65: =I14 -> 0 | J65: =J14 -> 12 | K65: =K14 -> 4 | L65: =L14 -> 0 | M65: =M14 -> 0 | ... AH65: =AH14 -> 0 | AI65: =SUM(B65:AH65) -> 86
A66: =A15 -> GeoSpatial | B66: =B15 -> 0 | C66: =C15 -> 0 | D66: =D15 -> 0 | E66: =E15 -> 0 | F66: =F15 -> 0 | G66: =G15 -> 0 | H66: =H15 -> 0 | ... AH66: =AH15 -> 0 | AI66: =SUM(B66:AH66) -> 0
A67: =A16 -> RICS Dashboard | B67: =B16 -> 0 | C67: =C16 -> 0 | D67: =D16 -> 0 | E67: =E16 -> 0 | F67: =F16 -> 0 | G67: =G16 -> 0 | H67: =H16 -> 0 | ... AH67: =AH16 -> 0 | AI67: =SUM(B67:AH67) -> 0
A68: =A17 -> MDWFP NRIS | B68: =B17 -> 0 | C68: =C17 -> 0 | D68: =D17 -> 0 | E68: =E14 -> 4 | F68: =F17 -> 0 | G68: =G17 -> 0 | H68: =H17 -> 0 | I68: =I17 -> 0 | J68: =J17 -> 0 | K68: =K17 -> 0 | L68: =L17 -> 0 | M68: =M17 -> 0 | ... AH68: =AH17 -> 0 | AI68: =SUM(B68:AH68) -> 12
A69: =A18 -> MSWIS MRVA 4 CLOSED | B69: =B18 -> 0 | C69: =C18 -> 0 | D69: =D18 -> 0 | E69: =E18 -> 4 | F69: =F18 -> 0 | G69: =G18 -> 0 | H69: =H18 -> 0 | ... AH69: =AH18 -> 0 | AI69: =SUM(B69:AH69) -> 4
A70: =A19 -> Tackett | B70: =B19 -> 0 | C70: =C19 -> 0 | D70: =D19 -> 0 | E70: =E19 -> 0 | F70: =F19 -> 0 | G70: =G19 -> 0 | H70: =H19 -> 0 | ... AH70: =AH19 -> 0 | AI70: =SUM(B70:AH70) -> 47
A71: =A20 -> 0 | B71: =B20 -> 0 | C71: =C20 -> 0 | D71: =D20 -> 0 | E71: =E20 -> 0 | F71: =F20 -> 0 | G71: =G20 -> 0 | H71: =H20 -> 0 | ... AH71: =AH20 -> 0 | AI71: =SUM(B71:AH71) -> 0
A72: =A21 -> 0 | B72: =B21 -> 0 | C72: =C21 -> 0 | D72: =D21 -> 0 | E72: =E21 -> 0 | F72: =F21 -> 0 | G72: =G21 -> 0 | H72: =H21 -> 0 | ... AH72: =AH21 -> 0 | AI72: =SUM(B72:AH72) -> 0
A73: =A22 -> 0 | B73: =B22 -> 0 | C73: =C22 -> 0 | D73: =D22 -> 0 | E73: =E22 -> 0 | F73: =F22 -> 0 | G73: =G22 -> 0 | H73: =H22 -> 0 | ... AH73: =AH22 -> 0 | AI73: =SUM(B73:AH73) -> 0
A74: =A23 -> 0 | B74: =B23 -> 0 | C74: =C23 -> 0 | D74: =D23 -> 0 | E74: =E23 -> 0 | F74: =F23 -> 0 | G74: =G23 -> 0 | H74: =H23 -> 0 | ... AH74: =AH23 -> 0 | AI74: =SUM(B74:AH74) -> 0
A75: =A24 -> 0 | B75: =B24 -> 0 | C75: =C24 -> 0 | D75: =D24 -> 0 | E75: =E24 -> 0 | F75: =F24 -> 0 | G75: =G24 -> 0 | H75: =H24 -> 0 | ... AH75: =AH24 -> 0 | AI75: =SUM(B75:AH75) -> 0
A76: =A25 -> 0 | B76: =B25 -> 0 | C76: =C25 -> 0 | D76: =D25 -> 0 | E76: =E25 -> 0 | F76: =F25 -> 0 | G76: =G25 -> 0 | H76: =H25 -> 0 | ... AH76: =AH25 -> 0 | AI76: =SUM(B76:AH76) -> 0
A77: =A26 -> 0 | B77: =B26 -> 0 | C77: =C26 -> 0 | D77: =D26 -> 0 | E77: =E26 -> 0 | F77: =F26 -> 0 | G77: =G26 -> 0 | H77: =H26 -> 0 | ... AH77: =AH26 -> 0 | AI77: =SUM(B77:AH77) -> 0
A78: =A27 -> 0 | B78: =B27 -> 0 | C78: =C27 -> 0 | D78: =D27 -> 0 | E78: =E27 -> 0 | F78: =F27 -> 0 | G78: =G27 -> 0 | H78: =H27 -> 0 | ... AH78: =AH27 -> 0 | AI78: =SUM(B78:AH78) -> 0
A79: =A28 -> 0 | B79: =B28 -> 0 | C79: =C28 -> 0 | D79: =D28 -> 0 | E79: =E28 -> 0 | F79: =F28 -> 0 | G79: =G28 -> 0 | H79: =H28 -> 0 | ... AH79: =AH28 -> 0 | AI79: =SUM(B79:AH79) -> 0
A80: =A29 -> 0 | B80: =B29 -> 0 | C80: =C29 -> 0 | D80: =D29 -> 0 | E80: =E29 -> 0 | F80: =F29 -> 0 | G80: =G29 -> 0 | H80: =H29 -> 0 | ... AH80: =AH29 -> 0 | AI80: =SUM(B80:AH80) -> 0
A81: =A30 -> 0 | B81: =B24 -> 0 | C81: =C24 -> 0 | D81: =D24 -> 0 | E81: =E24 -> 0 | F81: =F24 -> 0 | G81: =G24 -> 0 | H81: =H24 -> 0 | I81: =I24 -> 0 | ... Q81: =Q24 -> 0 | AF81: =AF24 -> 0 | AG81: =AG24 -> 0 | AH81: =AH24 -> 0 | AI81: =SUM(B81:AH81) -> 0
A82: =A31 -> 0 | B82: =B31 -> 0 | C82: =C31 -> 0 | D82: =D31 -> 0 | E82: =E31 -> 0 | F82: =F31 -> 0 | G82: =G31 -> 0 | H82: =H31 -> 0 | ... AH82: =AH31 -> 0 | AI82: =SUM(B82:AH82) -> 0
A83: =A32 -> 0 | B83: =B32 -> 0 | C83: =C32 -> 0 | D83: =D32 -> 0 | E83: =E32 -> 0 | F83: =F32 -> 0 | G83: =G32 -> 0 | H83: =H32 -> 0 | ... AH83: =AH32 -> 0 | AI83: =SUM(B83:AH83) -> 0
A84: =A33 -> 0 | B84: =B33 -> 0 | C84: =C33 -> 0 | D84: =D33 -> 0 | E84: =E33 -> 0 | F84: =F33 -> 0 | G84: =G33 -> 0 | H84: =H33 -> 0 | ... AH84: =AH33 -> 0 | AI84: =SUM(B84:AH84) -> 0
A85: =A34 -> 0 | B85: =B34 -> 0 | C85: =C34 -> 0 | D85: =D34 -> 0 | E85: =E34 -> 0 | F85: =F34 -> 0 | G85: =G34 -> 0 | H85: =H34 -> 0 | ... AH85: =AH34 -> 0 | AI85: =SUM(B85:AH85) -> 0
A86: =A35 -> 0 | B86: =B35 -> 0 | C86: =C35 -> 0 | D86: =D35 -> 0 | E86: =E35 -> 0 | F86: =F35 -> 0 | G86: =G35 -> 0 | H86: =H35 -> 0 | ... AH86: =AH35 -> 0 | AI86: =SUM(B86:AH86) -> 0
A87: =A36 -> 0 | B87: =B36 -> 0 | C87: =C36 -> 0 | D87: =D36 -> 0 | E87: =E36 -> 0 | F87: =F36 -> 0 | G87: =G36 -> 0 | H87: =H36 -> 0 | ... AH87: =AH36 -> 0 | AI87: =SUM(B87:AH87) -> 0
A88: =A37 -> 0 | B88: =B37 -> 0 | C88: =C37 -> 0 | D88: =D37 -> 0 | E88: =E37 -> 0 | F88: =F37 -> 0 | G88: =G37 -> 0 | H88: =H37 -> 0 | ... AH88: =AH37 -> 0 | AI88: =SUM(B88:AH88) -> 0
A89: =A38 | B89: =B38 -> 0 | C89: =C38 -> 0 | D89: =D38 -> 0 | E89: =E38 -> 0 | F89: =F38 -> 0 | G89: =G38 -> 0 | H89: =H38 -> 0 | ... AH89: =AH38 -> 0 | AI89: =SUM(B89:AH89) -> 0
A90: =A39 | B90: =B39 -> 0 | C90: =C39 -> 0 | D90: =D39 -> 0 | E90: =E39 -> 0 | F90: =F39 -> 0 | G90: =G39 -> 0 | H90: =H39 -> 0 | ... AH90: =AH39 -> 0 | AI90: =SUM(B90:AH90) -> 0
A91: =A40 | B91: =B40 -> 0 | C91: =C40 -> 0 | D91: =D40 -> 0 | E91: =E40 -> 0 | F91: =F40 -> 0 | G91: =G40 -> 0 | H91: =H40 -> 0 | ... AH91: =AH40 -> 0 | AI91: =SUM(B91:AH91) -> 0
A92: Total | B92: =SUM(B60:B91) -> 8 | C92: =SUM(C60:C91) -> 8 | D92: =SUM(D60:D91) -> 8 | E92: =SUM(E60:E91) -> 18 | F92: =SUM(F60:F91) -> 8 | G92: =SUM(G60:G91) -> 0 | H92: =SUM(H60:H91) -> 0 | I92: =SUM(I60:I91) -> 8 | ... AI92: =SUM(AI60:AI91) -> 203
AI93: =AI92 -> 203

Sheet MAR-DESC
B2: Name: | D2: ='Yearly Info'!A45 -> Don Woods | E2: =INDIRECT("'" & $Q$1 & "'!D11") -> #REF! | F2: =INDIRECT("'" & $Q$1 & "'!D11") -> #REF! | G2: =INDIRECT("'" & $Q$1 & "'!D11") -> #REF! | H2: =INDIRECT("'" & $Q$1 & "'!D11") -> #REF! | I2: =INDIRECT("'" & $Q$1 & "'!D11") -> #REF! | J2: =INDIRECT("'" & $Q$1 & "'!D11") -> #REF! | K2: =INDIRECT("'" & $Q$1 & "'!D11") -> #REF! | L2: =INDIRECT("'" & $Q$1 & "'!D11") -> #REF! | ... N2: =INDIRECT("'" & $Q$1 & "'!D11") -> #REF!
B3: Month: | D3: ='Yearly Info'!D3 -> 46082 | E3: =INDIRECT("'" & LEFT(UPPER(MID(CELL("filename"),(FIND("]",CELL("filename"))+1),50)),3) & "'!$D$4") -> 46204 | F3: =INDIRECT("'" & LEFT(UPPER(MID(CELL("filename"),(FIND("]",CELL("filename"))+1),50)),3) & "'!$D$4") -> 46204 | G3: =INDIRECT("'" & LEFT(UPPER(MID(CELL("filename"),(FIND("]",CELL("filename"))+1),50)),3) & "'!$D$4") -> 46204 | H3: =INDIRECT("'" & LEFT(UPPER(MID(CELL("filename"),(FIND("]",CELL("filename"))+1),50)),3) & "'!$D$4") -> 46204 | I3: Year: | K3: ='Yearly Info'!B1 -> 2026
A5: Project | B5: Date / Hours | E5: Description
A8: =IF(MONTH(C8)=MONTH(D$3),RIGHT('Yearly Info'!A$14,LEN('Yearly Info'!A$14)-4),"") -> RICS Support for MDEQ | B8: =TEXT(C8,"dddd") -> Monday | C8: =INDIRECT("'" & UPPER(LEFT(TEXT($D$3,"mmmm"),3)) & "'!B7") -> 46083 | D8: =INDIRECT("'" & UPPER(LEFT(TEXT($D$3,"mmmm"),3)) & "'!B11") -> 8 | E8: Redeploy Transparacency After Backup Installed - Transparency Updateds
A9: =IF(MONTH(C9)=MONTH(D$3),RIGHT('Yearly Info'!A$15,LEN('Yearly Info'!A$15)-4),"") -> MDEQ | C9: =C8 -> 46083 | D9: =INDIRECT("'" & UPPER(LEFT(TEXT($D$3,"mmmm"),3)) & "'!B12") -> 0
A10: =IF(MONTH(C10)=MONTH(D$3),RIGHT('Yearly Info'!A$16,LEN('Yearly Info'!A$16)-4),"") -> RICS Idea Portal | C10: =C9 -> 46083 | D10: =INDIRECT("'" & UPPER(LEFT(TEXT($D$3,"mmmm"),3)) & "'!B13") -> 0
A11: =IF(MONTH(C11)=MONTH(D$3),RIGHT('Yearly Info'!A$17,LEN('Yearly Info'!A$17)-4),"") -> MSWIS | C11: =C10 -> 46083 | D11: =INDIRECT("'" & UPPER(LEFT(TEXT($D$3,"mmmm"),3)) & "'!B14") -> 0
A12: =IF(MONTH(C12)=MONTH(D$3),RIGHT('Yearly Info'!A$18,LEN('Yearly Info'!A$18)-4),"") -> GeoSpatial | C12: =C11 -> 46083 | D12: =INDIRECT("'" & UPPER(LEFT(TEXT($D$3,"mmmm"),3)) & "'!B15") -> 0
A13: =IF(MONTH(C13)=MONTH(D$3),RIGHT('Yearly Info'!A$19,LEN('Yearly Info'!A$19)-4),"") -> RICS Dashboard | C13: =C12 -> 46083 | D13: =INDIRECT("'" & UPPER(LEFT(TEXT($D$3,"mmmm"),3)) & "'!B16") -> 0
A14: =IF(MONTH(C14)=MONTH(D$3),RIGHT('Yearly Info'!A$20,LEN('Yearly Info'!A$20)-4),"") -> MDWFP NRIS | C14: =C13 -> 46083 | D14: =INDIRECT("'" & UPPER(LEFT(TEXT($D$3,"mmmm"),3)) & "'!B17") -> 0
A15: =IF(MONTH(C15)=MONTH(D$3),RIGHT('Yearly Info'!A$21,LEN('Yearly Info'!A$21)-4),"") -> MSWIS MRVA 4 CLOSED | C15: =C14 -> 46083 | D15: =INDIRECT("'" & UPPER(LEFT(TEXT($D$3,"mmmm"),3)) & "'!B18") -> 0
A16: =IF(MONTH(C16)=MONTH(D$3),RIGHT('Yearly Info'!A$22,LEN('Yearly Info'!A$22)-4),"") -> Tackett | C16: =C15 -> 46083 | D16: =INDIRECT("'" & UPPER(LEFT(TEXT($D$3,"mmmm"),3)) & "'!B19") -> 0
A17: =IF(MONTH(C17)=MONTH(D$3),RIGHT('Yearly Info'!A$23,LEN('Yearly Info'!A$23)-4),"") -> #VALUE! | C17: =C16 -> 46083 | D17: =INDIRECT("'" & UPPER(LEFT(TEXT($D$3,"mmmm"),3)) & "'!B20") -> 0
A18: =IF(MONTH(C18)=MONTH(D$3),RIGHT('Yearly Info'!A$24,LEN('Yearly Info'!A$24)-4),"") -> #VALUE! | C18: =C17 -> 46083 | D18: =INDIRECT("'" & UPPER(LEFT(TEXT($D$3,"mmmm"),3)) & "'!B21") -> 0
A19: =IF(MONTH(C19)=MONTH(D$3),RIGHT('Yearly Info'!A$25,LEN('Yearly Info'!A$25)-4),"") -> #VALUE! | C19: =C18 -> 46083 | D19: =INDIRECT("'" & UPPER(LEFT(TEXT($D$3,"mmmm"),3)) & "'!B22") -> 0
A20: =IF(MONTH(C20)=MONTH(D$3),RIGHT('Yearly Info'!A$26,LEN('Yearly Info'!A$26)-4),"") -> #VALUE! | C20: =C19 -> 46083 | D20: =INDIRECT("'" & UPPER(LEFT(TEXT($D$3,"mmmm"),3)) & "'!B23") -> 0
A21: =IF(MONTH(C21)=MONTH(D$3),RIGHT('Yearly Info'!A$27,LEN('Yearly Info'!A$27)-4),"") -> #VALUE! | C21: =C20 -> 46083 | D21: =INDIRECT("'" & UPPER(LEFT(TEXT($D$3,"mmmm"),3)) & "'!B24") -> 0
A22: =IF(MONTH(C22)=MONTH(D$3),RIGHT('Yearly Info'!A$28,LEN('Yearly Info'!A$28)-4),"") -> #VALUE! | C22: =C21 -> 46083 | D22: =INDIRECT("'" & UPPER(LEFT(TEXT($D$3,"mmmm"),3)) & "'!B25") -> 0
A23: =IF(MONTH(C23)=MONTH(D$3),RIGHT('Yearly Info'!A$29,LEN('Yearly Info'!A$29)-4),"") -> #VALUE! | C23: =C22 -> 46083 | D23: =INDIRECT("'" & UPPER(LEFT(TEXT($D$3,"mmmm"),3)) & "'!B26") -> 0
A24: =IF(MONTH(C24)=MONTH(D$3),RIGHT('Yearly Info'!A$30,LEN('Yearly Info'!A$30)-4),"") -> #VALUE! | C24: =C23 -> 46083 | D24: =INDIRECT("'" & UPPER(LEFT(TEXT($D$3,"mmmm"),3)) & "'!B27") -> 0
A25: =IF(MONTH(C25)=MONTH(D$3),RIGHT('Yearly Info'!A$31,LEN('Yearly Info'!A$31)-4),"") -> #VALUE! | C25: =C24 -> 46083 | D25: =INDIRECT("'" & UPPER(LEFT(TEXT($D$3,"mmmm"),3)) & "'!B28") -> 0
A26: =IF(MONTH(C26)=MONTH(D$3),RIGHT('Yearly Info'!A$32,LEN('Yearly Info'!A$32)-4),"") -> #VALUE! | C26: =C25 -> 46083 | D26: =INDIRECT("'" & UPPER(LEFT(TEXT($D$3,"mmmm"),3)) & "'!B29") -> 0
A27: =IF(MONTH(C27)=MONTH(D$3),RIGHT('Yearly Info'!A$33,LEN('Yearly Info'!A$33)-4),"") -> #VALUE! | C27: =C26 -> 46083 | D27: =INDIRECT("'" & UPPER(LEFT(TEXT($D$3,"mmmm"),3)) & "'!B30") -> 0
A28: =IF(MONTH(C28)=MONTH(D$3),RIGHT('Yearly Info'!A$34,LEN('Yearly Info'!A$34)-4),"") -> #VALUE! | C28: =C27 -> 46083 | D28: =INDIRECT("'" & UPPER(LEFT(TEXT($D$3,"mmmm"),3)) & "'!B31") -> 0
A29: =IF(MONTH(C29)=MONTH(D$3),RIGHT('Yearly Info'!A$35,LEN('Yearly Info'!A$35)-4),"") -> #VALUE! | C29: =C28 -> 46083 | D29: =INDIRECT("'" & UPPER(LEFT(TEXT($D$3,"mmmm"),3)) & "'!B32") -> 0
A30: =IF(MONTH(C30)=MONTH(D$3),RIGHT('Yearly Info'!A$36,LEN('Yearly Info'!A$36)-4),"") -> #VALUE! | C30: =C29 -> 46083 | D30: =INDIRECT("'" & UPPER(LEFT(TEXT($D$3,"mmmm"),3)) & "'!B33") -> 0
A31: =IF(MONTH(C31)=MONTH(D$3),RIGHT('Yearly Info'!A$37,LEN('Yearly Info'!A$37)-4),"") -> #VALUE! | C31: =C30 -> 46083 | D31: =INDIRECT("'" & UPPER(LEFT(TEXT($D$3,"mmmm"),3)) & "'!B34") -> 0
A32: =IF(MONTH(C32)=MONTH(D$3),RIGHT('Yearly Info'!A$38,LEN('Yearly Info'!A$38)-4),"") -> #VALUE! | C32: =C31 -> 46083 | D32: =INDIRECT("'" & UPPER(LEFT(TEXT($D$3,"mmmm"),3)) & "'!B35") -> 0
A33: =IF(MONTH(C33)=MONTH(D$3),RIGHT('Yearly Info'!A$39,LEN('Yearly Info'!A$39)-4),"") -> #VALUE! | C33: =C32 -> 46083 | D33: =INDIRECT("'" & UPPER(LEFT(TEXT($D$3,"mmmm"),3)) & "'!B36") -> 0
A34: =IF(MONTH(C34)=MONTH(D$3),RIGHT('Yearly Info'!A$40,LEN('Yearly Info'!A$40)-4),"") -> #VALUE! | C34: =C33 -> 46083 | D34: =INDIRECT("'" & UPPER(LEFT(TEXT($D$3,"mmmm"),3)) & "'!B37") -> 0
A35: =IF(MONTH(C35)=MONTH(D$3),RIGHT('Yearly Info'!A$41,LEN('Yearly Info'!A$41)-4),"") | C35: =C34 -> 46083 | D35: =INDIRECT("'" & UPPER(LEFT(TEXT($D$3,"mmmm"),3)) & "'!B38") -> 0
A36: =IF(MONTH(C36)=MONTH(D$3),RIGHT('Yearly Info'!A$42,LEN('Yearly Info'!A$42)-4),"") | C36: =C35 -> 46083 | D36: =INDIRECT("'" & UPPER(LEFT(TEXT($D$3,"mmmm"),3)) & "'!B39") -> 0
A37: =IF(MONTH(C37)=MONTH(D$3),RIGHT('Yearly Info'!A$43,LEN('Yearly Info'!A$43)-4),"") | C37: =C36 -> 46083 | D37: =INDIRECT("'" & UPPER(LEFT(TEXT($D$3,"mmmm"),3)) & "'!B40") -> 0
A38: =IF(MONTH(C38)=MONTH(D$3),RIGHT('Yearly Info'!A$14,LEN('Yearly Info'!A$14)-4),"") -> RICS Support for MDEQ | B38: =TEXT(C38,"dddd") -> Tuesday | C38: =C8+1 -> 46084 | D38: =INDIRECT("'" & UPPER(TEXT($D$3,"mmm")) & "'!C11") -> 4 | E38: Transparency Updates
A39: =IF(MONTH(C39)=MONTH(D$3),RIGHT('Yearly Info'!A$15,LEN('Yearly Info'!A$15)-4),"") -> MDEQ | C39: =C38 -> 46084 | D39: =INDIRECT("'" & UPPER(LEFT(TEXT($D$3,"mmmm"),3)) & "'!C12") -> 0
A40: =IF(MONTH(C40)=MONTH(D$3),RIGHT('Yearly Info'!A$16,LEN('Yearly Info'!A$16)-4),"") -> RICS Idea Portal | C40: =C39 -> 46084 | D40: =INDIRECT("'" & UPPER(LEFT(TEXT($D$3,"mmmm"),3)) & "'!C13") -> 0
A41: =IF(MONTH(C41)=MONTH(D$3),RIGHT('Yearly Info'!A$17,LEN('Yearly Info'!A$17)-4),"") -> MSWIS | C41: =C40 -> 46084 | D41: =INDIRECT("'" & UPPER(LEFT(TEXT($D$3,"mmmm"),3)) & "'!C14") -> 4 | E41: Meeting and Axosoft Tickets
A42: =IF(MONTH(C42)=MONTH(D$3),RIGHT('Yearly Info'!A$18,LEN('Yearly Info'!A$18)-4),"") -> GeoSpatial | C42: =C41 -> 46084 | D42: =INDIRECT("'" & UPPER(LEFT(TEXT($D$3,"mmmm"),3)) & "'!C15") -> 0
A43: =IF(MONTH(C43)=MONTH(D$3),RIGHT('Yearly Info'!A$19,LEN('Yearly Info'!A$19)-4),"") -> RICS Dashboard | C43: =C42 -> 46084 | D43: =INDIRECT("'" & UPPER(LEFT(TEXT($D$3,"mmmm"),3)) & "'!C16") -> 0
A44: =IF(MONTH(C44)=MONTH(D$3),RIGHT('Yearly Info'!A$20,LEN('Yearly Info'!A$20)-4),"") -> MDWFP NRIS | C44: =C43 -> 46084 | D44: =INDIRECT("'" & UPPER(LEFT(TEXT($D$3,"mmmm"),3)) & "'!C17") -> 0
A45: =IF(MONTH(C45)=MONTH(D$3),RIGHT('Yearly Info'!A$21,LEN('Yearly Info'!A$21)-4),"") -> MSWIS MRVA 4 CLOSED | C45: =C44 -> 46084 | D45: =INDIRECT("'" & UPPER(LEFT(TEXT($D$3,"mmmm"),3)) & "'!C18") -> 0
A46: =IF(MONTH(C46)=MONTH(D$3),RIGHT('Yearly Info'!A$22,LEN('Yearly Info'!A$22)-4),"") -> Tackett | C46: =C45 -> 46084 | D46: =INDIRECT("'" & UPPER(LEFT(TEXT($D$3,"mmmm"),3)) & "'!C19") -> 0
A47: =IF(MONTH(C47)=MONTH(D$3),RIGHT('Yearly Info'!A$23,LEN('Yearly Info'!A$23)-4),"") -> #VALUE! | C47: =C46 -> 46084 | D47: =INDIRECT("'" & UPPER(LEFT(TEXT($D$3,"mmmm"),3)) & "'!C20") -> 0
A48: =IF(MONTH(C48)=MONTH(D$3),RIGHT('Yearly Info'!A$24,LEN('Yearly Info'!A$24)-4),"") -> #VALUE! | C48: =C47 -> 46084 | D48: =INDIRECT("'" & UPPER(LEFT(TEXT($D$3,"mmmm"),3)) & "'!C21") -> 0
A49: =IF(MONTH(C49)=MONTH(D$3),RIGHT('Yearly Info'!A$25,LEN('Yearly Info'!A$25)-4),"") -> #VALUE! | C49: =C48 -> 46084 | D49: =INDIRECT("'" & UPPER(LEFT(TEXT($D$3,"mmmm"),3)) & "'!C22") -> 0
A50: =IF(MONTH(C50)=MONTH(D$3),RIGHT('Yearly Info'!A$26,LEN('Yearly Info'!A$26)-4),"") -> #VALUE! | C50: =C49 -> 46084 | D50: =INDIRECT("'" & UPPER(LEFT(TEXT($D$3,"mmmm"),3)) & "'!C23") -> 0
A51: =IF(MONTH(C51)=MONTH(D$3),RIGHT('Yearly Info'!A$27,LEN('Yearly Info'!A$27)-4),"") -> #VALUE! | C51: =C50 -> 46084 | D51: =INDIRECT("'" & UPPER(LEFT(TEXT($D$3,"mmmm"),3)) & "'!C24") -> 0
A52: =IF(MONTH(C52)=MONTH(D$3),RIGHT('Yearly Info'!A$28,LEN('Yearly Info'!A$28)-4),"") -> #VALUE! | C52: =C51 -> 46084 | D52: =INDIRECT("'" & UPPER(LEFT(TEXT($D$3,"mmmm"),3)) & "'!C25") -> 0
A53: =IF(MONTH(C53)=MONTH(D$3),RIGHT('Yearly Info'!A$29,LEN('Yearly Info'!A$29)-4),"") -> #VALUE! | C53: =C52 -> 46084 | D53: =INDIRECT("'" & UPPER(LEFT(TEXT($D$3,"mmmm"),3)) & "'!C26") -> 0
A54: =IF(MONTH(C54)=MONTH(D$3),RIGHT('Yearly Info'!A$30,LEN('Yearly Info'!A$30)-4),"") -> #VALUE! | C54: =C53 -> 46084 | D54: =INDIRECT("'" & UPPER(LEFT(TEXT($D$3,"mmmm"),3)) & "'!C27") -> 0
A55: =IF(MONTH(C55)=MONTH(D$3),RIGHT('Yearly Info'!A$31,LEN('Yearly Info'!A$31)-4),"") -> #VALUE! | C55: =C54 -> 46084 | D55: =INDIRECT("'" & UPPER(LEFT(TEXT($D$3,"mmmm"),3)) & "'!C28") -> 0
A56: =IF(MONTH(C56)=MONTH(D$3),RIGHT('Yearly Info'!A$32,LEN('Yearly Info'!A$32)-4),"") -> #VALUE! | C56: =C55 -> 46084 | D56: =INDIRECT("'" & UPPER(LEFT(TEXT($D$3,"mmmm"),3)) & "'!C29") -> 0
A57: =IF(MONTH(C57)=MONTH(D$3),RIGHT('Yearly Info'!A$33,LEN('Yearly Info'!A$33)-4),"") -> #VALUE! | C57: =C56 -> 46084 | D57: =INDIRECT("'" & UPPER(LEFT(TEXT($D$3,"mmmm"),3)) & "'!C30") -> 0
A58: =IF(MONTH(C58)=MONTH(D$3),RIGHT('Yearly Info'!A$34,LEN('Yearly Info'!A$34)-4),"") -> #VALUE! | C58: =C57 -> 46084 | D58: =INDIRECT("'" & UPPER(LEFT(TEXT($D$3,"mmmm"),3)) & "'!C31") -> 0
A59: =IF(MONTH(C59)=MONTH(D$3),RIGHT('Yearly Info'!A$35,LEN('Yearly Info'!A$35)-4),"") -> #VALUE! | C59: =C58 -> 46084 | D59: =INDIRECT("'" & UPPER(LEFT(TEXT($D$3,"mmmm"),3)) & "'!C32") -> 0
A60: =IF(MONTH(C60)=MONTH(D$3),RIGHT('Yearly Info'!A$36,LEN('Yearly Info'!A$36)-4),"") -> #VALUE! | C60: =C59 -> 46084 | D60: =INDIRECT("'" & UPPER(LEFT(TEXT($D$3,"mmmm"),3)) & "'!C33") -> 0
A61: =IF(MONTH(C61)=MONTH(D$3),RIGHT('Yearly Info'!A$37,LEN('Yearly Info'!A$37)-4),"") -> #VALUE! | C61: =C60 -> 46084 | D61: =INDIRECT("'" & UPPER(LEFT(TEXT($D$3,"mmmm"),3)) & "'!C34") -> 0
A62: =IF(MONTH(C62)=MONTH(D$3),RIGHT('Yearly Info'!A$38,LEN('Yearly Info'!A$38)-4),"") -> #VALUE! | C62: =C61 -> 46084 | D62: =INDIRECT("'" & UPPER(LEFT(TEXT($D$3,"mmmm"),3)) & "'!C35") -> 0
A63: =IF(MONTH(C63)=MONTH(D$3),RIGHT('Yearly Info'!A$39,LEN('Yearly Info'!A$39)-4),"") -> #VALUE! | C63: =C62 -> 46084 | D63: =INDIRECT("'" & UPPER(LEFT(TEXT($D$3,"mmmm"),3)) & "'!C36") -> 0
A64: =IF(MONTH(C64)=MONTH(D$3),RIGHT('Yearly Info'!A$40,LEN('Yearly Info'!A$40)-4),"") -> #VALUE! | C64: =C63 -> 46084 | D64: =INDIRECT("'" & UPPER(LEFT(TEXT($D$3,"mmmm"),3)) & "'!C37") -> 0
A65: =IF(MONTH(C65)=MONTH(D$3),RIGHT('Yearly Info'!A$41,LEN('Yearly Info'!A$41)-4),"") | C65: =C64 -> 46084 | D65: =INDIRECT("'" & UPPER(LEFT(TEXT($D$3,"mmmm"),3)) & "'!C38") -> 0
A66: =IF(MONTH(C66)=MONTH(D$3),RIGHT('Yearly Info'!A$42,LEN('Yearly Info'!A$42)-4),"") | C66: =C65 -> 46084 | D66: =INDIRECT("'" & UPPER(LEFT(TEXT($D$3,"mmmm"),3)) & "'!C39") -> 0
A67: =IF(MONTH(C67)=MONTH(D$3),RIGHT('Yearly Info'!A$43,LEN('Yearly Info'!A$43)-4),"") | C67: =C58 -> 46084 | D67: =INDIRECT("'" & UPPER(LEFT(TEXT($D$3,"mmmm"),3)) & "'!C40") -> 0
A68: =IF(MONTH(C68)=MONTH(D$3),RIGHT('Yearly Info'!A$14,LEN('Yearly Info'!A$14)-4),"") -> RICS Support for MDEQ | B68: =TEXT(C68,"dddd") -> Wednesday | C68: =C38+1 -> 46085 | D68: =INDIRECT("'" & UPPER(LEFT(TEXT($D$3,"mmmm"),3)) & "'!D11") -> 8 | E68: Transparency Updates
A69: =IF(MONTH(C69)=MONTH(D$3),RIGHT('Yearly Info'!A$15,LEN('Yearly Info'!A$15)-4),"") -> MDEQ | C69: =C68 -> 46085 | D69: =INDIRECT("'" & UPPER(LEFT(TEXT($D$3,"mmmm"),3)) & "'!D12") -> 0
A70: =IF(MONTH(C70)=MONTH(D$3),RIGHT('Yearly Info'!A$16,LEN('Yearly Info'!A$16)-4),"") -> RICS Idea Portal | C70: =C69 -> 46085 | D70: =INDIRECT("'" & UPPER(LEFT(TEXT($D$3,"mmmm"),3)) & "'!D13") -> 0
A71: =IF(MONTH(C71)=MONTH(D$3),RIGHT('Yearly Info'!A$17,LEN('Yearly Info'!A$17)-4),"") -> MSWIS | C71: =C70 -> 46085 | D71: =INDIRECT("'" & UPPER(LEFT(TEXT($D$3,"mmmm"),3)) & "'!D14") -> 0
A72: =IF(MONTH(C72)=MONTH(D$3),RIGHT('Yearly Info'!A$18,LEN('Yearly Info'!A$18)-4),"") -> GeoSpatial | C72: =C71 -> 46085 | D72: =INDIRECT("'" & UPPER(LEFT(TEXT($D$3,"mmmm"),3)) & "'!D15") -> 0
A73: =IF(MONTH(C73)=MONTH(D$3),RIGHT('Yearly Info'!A$19,LEN('Yearly Info'!A$19)-4),"") -> RICS Dashboard | C73: =C72 -> 46085 | D73: =INDIRECT("'" & UPPER(LEFT(TEXT($D$3,"mmmm"),3)) & "'!D16") -> 0
A74: =IF(MONTH(C74)=MONTH(D$3),RIGHT('Yearly Info'!A$20,LEN('Yearly Info'!A$20)-4),"") -> MDWFP NRIS | C74: =C73 -> 46085 | D74: =INDIRECT("'" & UPPER(LEFT(TEXT($D$3,"mmmm"),3)) & "'!D17") -> 0
A75: =IF(MONTH(C75)=MONTH(D$3),RIGHT('Yearly Info'!A$21,LEN('Yearly Info'!A$21)-4),"") -> MSWIS MRVA 4 CLOSED | C75: =C74 -> 46085 | D75: =INDIRECT("'" & UPPER(LEFT(TEXT($D$3,"mmmm"),3)) & "'!D18") -> 0
A76: =IF(MONTH(C76)=MONTH(D$3),RIGHT('Yearly Info'!A$22,LEN('Yearly Info'!A$22)-4),"") -> Tackett | C76: =C75 -> 46085 | D76: =INDIRECT("'" & UPPER(LEFT(TEXT($D$3,"mmmm"),3)) & "'!D19") -> 0
A77: =IF(MONTH(C77)=MONTH(D$3),RIGHT('Yearly Info'!A$23,LEN('Yearly Info'!A$23)-4),"") -> #VALUE! | C77: =C76 -> 46085 | D77: =INDIRECT("'" & UPPER(LEFT(TEXT($D$3,"mmmm"),3)) & "'!D20") -> 0
A78: =IF(MONTH(C78)=MONTH(D$3),RIGHT('Yearly Info'!A$24,LEN('Yearly Info'!A$24)-4),"") -> #VALUE! | C78: =C77 -> 46085 | D78: =INDIRECT("'" & UPPER(LEFT(TEXT($D$3,"mmmm"),3)) & "'!D21") -> 0
A79: =IF(MONTH(C79)=MONTH(D$3),RIGHT('Yearly Info'!A$25,LEN('Yearly Info'!A$25)-4),"") -> #VALUE! | C79: =C78 -> 46085 | D79: =INDIRECT("'" & UPPER(LEFT(TEXT($D$3,"mmmm"),3)) & "'!D22") -> 0
A80: =IF(MONTH(C80)=MONTH(D$3),RIGHT('Yearly Info'!A$26,LEN('Yearly Info'!A$26)-4),"") -> #VALUE! | C80: =C79 -> 46085 | D80: =INDIRECT("'" & UPPER(LEFT(TEXT($D$3,"mmmm"),3)) & "'!D23") -> 0
A81: =IF(MONTH(C81)=MONTH(D$3),RIGHT('Yearly Info'!A$27,LEN('Yearly Info'!A$27)-4),"") -> #VALUE! | C81: =C80 -> 46085 | D81: =INDIRECT("'" & UPPER(LEFT(TEXT($D$3,"mmmm"),3)) & "'!D24") -> 0
A82: =IF(MONTH(C82)=MONTH(D$3),RIGHT('Yearly Info'!A$28,LEN('Yearly Info'!A$28)-4),"") -> #VALUE! | C82: =C81 -> 46085 | D82: =INDIRECT("'" & UPPER(LEFT(TEXT($D$3,"mmmm"),3)) & "'!D25") -> 0
A83: =IF(MONTH(C83)=MONTH(D$3),RIGHT('Yearly Info'!A$29,LEN('Yearly Info'!A$29)-4),"") -> #VALUE! | C83: =C82 -> 46085 | D83: =INDIRECT("'" & UPPER(LEFT(TEXT($D$3,"mmmm"),3)) & "'!D26") -> 0
A84: =IF(MONTH(C84)=MONTH(D$3),RIGHT('Yearly Info'!A$30,LEN('Yearly Info'!A$30)-4),"") -> #VALUE! | C84: =C83 -> 46085 | D84: =INDIRECT("'" & UPPER(LEFT(TEXT($D$3,"mmmm"),3)) & "'!D27") -> 0
A85: =IF(MONTH(C85)=MONTH(D$3),RIGHT('Yearly Info'!A$31,LEN('Yearly Info'!A$31)-4),"") -> #VALUE! | C85: =C84 -> 46085 | D85: =INDIRECT("'" & UPPER(LEFT(TEXT($D$3,"mmmm"),3)) & "'!D28") -> 0
A86: =IF(MONTH(C86)=MONTH(D$3),RIGHT('Yearly Info'!A$32,LEN('Yearly Info'!A$32)-4),"") -> #VALUE! | C86: =C85 -> 46085 | D86: =INDIRECT("'" & UPPER(LEFT(TEXT($D$3,"mmmm"),3)) & "'!D29") -> 0
A87: =IF(MONTH(C87)=MONTH(D$3),RIGHT('Yearly Info'!A$33,LEN('Yearly Info'!A$33)-4),"") -> #VALUE! | C87: =C86 -> 46085 | D87: =INDIRECT("'" & UPPER(LEFT(TEXT($D$3,"mmmm"),3)) & "'!D30") -> 0
A88: =IF(MONTH(C88)=MONTH(D$3),RIGHT('Yearly Info'!A$34,LEN('Yearly Info'!A$34)-4),"") -> #VALUE! | C88: =C87 -> 46085 | D88: =INDIRECT("'" & UPPER(LEFT(TEXT($D$3,"mmmm"),3)) & "'!D31") -> 0
A89: =IF(MONTH(C89)=MONTH(D$3),RIGHT('Yearly Info'!A$35,LEN('Yearly Info'!A$35)-4),"") -> #VALUE! | C89: =C88 -> 46085 | D89: =INDIRECT("'" & UPPER(LEFT(TEXT($D$3,"mmmm"),3)) & "'!D32") -> 0
A90: =IF(MONTH(C90)=MONTH(D$3),RIGHT('Yearly Info'!A$36,LEN('Yearly Info'!A$36)-4),"") -> #VALUE! | C90: =C89 -> 46085 | D90: =INDIRECT("'" & UPPER(LEFT(TEXT($D$3,"mmmm"),3)) & "'!D33") -> 0
A91: =IF(MONTH(C91)=MONTH(D$3),RIGHT('Yearly Info'!A$37,LEN('Yearly Info'!A$37)-4),"") -> #VALUE! | C91: =C90 -> 46085 | D91: =INDIRECT("'" & UPPER(LEFT(TEXT($D$3,"mmmm"),3)) & "'!D34") -> 0
A92: =IF(MONTH(C92)=MONTH(D$3),RIGHT('Yearly Info'!A$38,LEN('Yearly Info'!A$38)-4),"") -> #VALUE! | C92: =C91 -> 46085 | D92: =INDIRECT("'" & UPPER(LEFT(TEXT($D$3,"mmmm"),3)) & "'!D35") -> 0
A93: =IF(MONTH(C93)=MONTH(D$3),RIGHT('Yearly Info'!A$39,LEN('Yearly Info'!A$39)-4),"") -> #VALUE! | C93: =C92 -> 46085 | D93: =INDIRECT("'" & UPPER(LEFT(TEXT($D$3,"mmmm"),3)) & "'!D36") -> 0
A94: =IF(MONTH(C94)=MONTH(D$3),RIGHT('Yearly Info'!A$40,LEN('Yearly Info'!A$40)-4),"") -> #VALUE! | C94: =C93 -> 46085 | D94: =INDIRECT("'" & UPPER(LEFT(TEXT($D$3,"mmmm"),3)) & "'!D37") -> 0
A95: =IF(MONTH(C95)=MONTH(D$3),RIGHT('Yearly Info'!A$41,LEN('Yearly Info'!A$41)-4),"") | C95: =C86 -> 46085 | D95: =INDIRECT("'" & UPPER(LEFT(TEXT($D$3,"mmmm"),3)) & "'!D38") -> 0
A96: =IF(MONTH(C96)=MONTH(D$3),RIGHT('Yearly Info'!A$42,LEN('Yearly Info'!A$42)-4),"") | C96: =C95 -> 46085 | D96: =INDIRECT("'" & UPPER(LEFT(TEXT($D$3,"mmmm"),3)) & "'!D39") -> 0
A97: =IF(MONTH(C97)=MONTH(D$3),RIGHT('Yearly Info'!A$43,LEN('Yearly Info'!A$43)-4),"") | C97: =C96 -> 46085 | D97: =INDIRECT("'" & UPPER(LEFT(TEXT($D$3,"mmmm"),3)) & "'!D40") -> 0
A98: =IF(MONTH(C98)=MONTH(D$3),RIGHT('Yearly Info'!A$14,LEN('Yearly Info'!A$14)-4),"") -> RICS Support for MDEQ | B98: =TEXT(C98,"dddd") -> Thursday | C98: =C68+1 -> 46086 | D98: =INDIRECT("'" & UPPER(LEFT(TEXT($D$3,"mmmm"),3)) & "'!E11") -> 0
A99: =IF(MONTH(C99)=MONTH(D$3),RIGHT('Yearly Info'!A$15,LEN('Yearly Info'!A$15)-4),"") -> MDEQ | C99: =C98 -> 46086 | D99: =INDIRECT("'" & UPPER(LEFT(TEXT($D$3,"mmmm"),3)) & "'!E12") -> 0
A100: =IF(MONTH(C100)=MONTH(D$3),RIGHT('Yearly Info'!A$16,LEN('Yearly Info'!A$16)-4),"") -> RICS Idea Portal | C100: =C99 -> 46086 | D100: =INDIRECT("'" & UPPER(LEFT(TEXT($D$3,"mmmm"),3)) & "'!E13") -> 2 | E100: Debug Idea Portal
A101: =IF(MONTH(C101)=MONTH(D$3),RIGHT('Yearly Info'!A$17,LEN('Yearly Info'!A$17)-4),"") -> MSWIS | C101: =C100 -> 46086 | D101: 8 | E101: PWU Data Import - Meeting Updates
A102: =IF(MONTH(C102)=MONTH(D$3),RIGHT('Yearly Info'!A$18,LEN('Yearly Info'!A$18)-4),"") -> GeoSpatial | C102: =C101 -> 46086 | D102: =INDIRECT("'" & UPPER(LEFT(TEXT($D$3,"mmmm"),3)) & "'!E15") -> 0
A103: =IF(MONTH(C103)=MONTH(D$3),RIGHT('Yearly Info'!A$19,LEN('Yearly Info'!A$19)-4),"") -> RICS Dashboard | C103: =C102 -> 46086 | D103: =INDIRECT("'" & UPPER(LEFT(TEXT($D$3,"mmmm"),3)) & "'!E16") -> 0
A104: =IF(MONTH(C104)=MONTH(D$3),RIGHT('Yearly Info'!A$20,LEN('Yearly Info'!A$20)-4),"") -> MDWFP NRIS | C104: =C103 -> 46086 | D104: =INDIRECT("'" & UPPER(LEFT(TEXT($D$3,"mmmm"),3)) & "'!E17") -> 0
...

Sheet APR
B2: MONTHLY TIME RECORD
B3: Name: | D3: ='Yearly Info'!A45 -> Don Woods
B4: Month: | D4: ='Yearly Info'!D4 -> 46113 | J4: Year: | L4: ='Yearly Info'!B1 -> 2026
A6: Project No. & Description | B6: Day of the Month | AI6: Total Hours
B7: =IF(WEEKDAY(D$4,2)>5,D$4+8 - WEEKDAY(D$4,2),D$4-(WEEKDAY(D$4,2)-1)) -> 46111 | C7: =B7+1 -> 46112 | D7: =C7+1 -> 46113 | E7: =D7+1 -> 46114 | F7: =E7+1 -> 46115 | G7: =F7+1 -> 46116 | H7: =G7+1 -> 46117 | I7: =H7+1 -> 46118 | J7: =I7+1 -> 46119 | ... AH7: =AG7+1 -> 46143 | AI7: Hours
B8: =HYPERLINK("#'"&UPPER(LEFT(TEXT($D$4,"mmmm"),3))&"-DEQ'!E8",TEXT(WEEKDAY(B7),"ddd")) -> Mon | C8: =HYPERLINK("#'"&UPPER(LEFT(TEXT($D$4,"mmmm"),3))&"-DEQ'!E15",TEXT(WEEKDAY(C7),"ddd")) -> Tue | D8: =HYPERLINK("#'"&UPPER(LEFT(TEXT($D$4,"mmmm"),3))&"-DEQ'!E22",TEXT(WEEKDAY(D7),"ddd")) -> Wed | E8: =HYPERLINK("#'"&UPPER(LEFT(TEXT($D$4,"mmmm"),3))&"-DEQ'!E29",TEXT(WEEKDAY(E7),"ddd")) -> Thu | F8: =HYPERLINK("#'"&UPPER(LEFT(TEXT($D$4,"mmmm"),3))&"-DEQ'!E36",TEXT(WEEKDAY(F7),"ddd")) -> Fri | G8: =LEFT(TEXT(WEEKDAY(G7),"ddd"),1) -> S | H8: =LEFT(TEXT(WEEKDAY(H7),"ddd"),1) -> S | I8: =HYPERLINK("#'"&UPPER(LEFT(TEXT($D$4,"mmmm"),3))&"-DEQ'!E43",TEXT(WEEKDAY(I7),"ddd")) -> Mon | J8: =HYPERLINK("#'"&UPPER(LEFT(TEXT($D$4,"mmmm"),3))&"-DEQ'!E50",TEXT(WEEKDAY(J7),"ddd")) -> Tue | K8: =HYPERLINK("#'"&UPPER(LEFT(TEXT($D$4,"mmmm"),3))&"-DEQ'!E57",TEXT(WEEKDAY(K7),"ddd")) -> Wed | L8: =HYPERLINK("#'"&UPPER(LEFT(TEXT($D$4,"mmmm"),3))&"-DEQ'!E64",TEXT(WEEKDAY(L7),"ddd")) -> Thu | M8: =HYPERLINK("#'"&UPPER(LEFT(TEXT($D$4,"mmmm"),3))&"-DEQ'!E71",TEXT(WEEKDAY(M7),"ddd")) -> Fri | N8: =LEFT(TEXT(WEEKDAY(N7),"ddd"),1) -> S | O8: =LEFT(TEXT(WEEKDAY(O7),"ddd"),1) -> S | P8: =HYPERLINK("#'"&UPPER(LEFT(TEXT($D$4,"mmmm"),3))&"-DEQ'!E78",TEXT(WEEKDAY(P7),"ddd")) -> Mon | Q8: =HYPERLINK("#'"&UPPER(LEFT(TEXT($D$4,"mmmm"),3))&"-DEQ'!E85",TEXT(WEEKDAY(Q7),"ddd")) -> Tue | R8: =HYPERLINK("#'"&UPPER(LEFT(TEXT($D$4,"mmmm"),3))&"-DEQ'!E92",TEXT(WEEKDAY(R7),"ddd")) -> Wed | S8: =HYPERLINK("#'"&UPPER(LEFT(TEXT($D$4,"mmmm"),3))&"-DEQ'!E99",TEXT(WEEKDAY(S7),"ddd")) -> Thu | T8: =HYPERLINK("#'"&UPPER(LEFT(TEXT($D$4,"mmmm"),3))&"-DEQ'!E106",TEXT(WEEKDAY(T7),"ddd")) -> Fri | U8: =LEFT(TEXT(WEEKDAY(U7),"ddd"),1) -> S | V8: =LEFT(TEXT(WEEKDAY(V7),"ddd"),1) -> S | W8: =HYPERLINK("#'"&UPPER(LEFT(TEXT($D$4,"mmmm"),3))&"-DEQ'!E113",TEXT(WEEKDAY(W7),"ddd")) -> Mon | X8: =HYPERLINK("#'"&UPPER(LEFT(TEXT($D$4,"mmmm"),3))&"-DEQ'!E120",TEXT(WEEKDAY(X7),"ddd")) -> Tue | Y8: =HYPERLINK("#'"&UPPER(LEFT(TEXT($D$4,"mmmm"),3))&"-DEQ'!E127",TEXT(WEEKDAY(Y7),"ddd")) -> Wed | Z8: =HYPERLINK("#'"&UPPER(LEFT(TEXT($D$4,"mmmm"),3))&"-DEQ'!E134",TEXT(WEEKDAY(Z7),"ddd")) -> Thu | AA8: =HYPERLINK("#'"&UPPER(LEFT(TEXT($D$4,"mmmm"),3))&"-DEQ'!E141",TEXT(WEEKDAY(AA7),"ddd")) -> Fri | AB8: =LEFT(TEXT(WEEKDAY(AB7),"ddd"),1) -> S | AC8: =LEFT(TEXT(WEEKDAY(AC7),"ddd"),1) -> S | AD8: =HYPERLINK("#'"&UPPER(LEFT(TEXT($D$4,"mmmm"),3))&"-DEQ'!E149",TEXT(WEEKDAY(AD7),"ddd")) -> Mon | AE8: =HYPERLINK("#'"&UPPER(LEFT(TEXT($D$4,"mmmm"),3))&"-DEQ'!E155",TEXT(WEEKDAY(AE7),"ddd")) -> Tue | AF8: =HYPERLINK("#'"&UPPER(LEFT(TEXT($D$4,"mmmm"),3))&"-DEQ'!E162",TEXT(WEEKDAY(AF7),"ddd")) -> Wed | AG8: =HYPERLINK("#'"&UPPER(LEFT(TEXT($D$4,"mmmm"),3))&"-DEQ'!E169",TEXT(WEEKDAY(AG7),"ddd")) -> Thu | AH8: =HYPERLINK("#'"&UPPER(LEFT(TEXT($D$4,"mmmm"),3))&"-DEQ'!E176",TEXT(WEEKDAY(AH7),"ddd")) -> Fri
A9: Hours
A10: ='Yearly Info'!A13 -> Enter Job #s on Yearly Info Tab
A11: ='Yearly Info'!A14 -> RICS Support for MDEQ | D11: 4 | E11: 2 | F11: 4 | P11: 8 | Q11: 8 | R11: 8 | Z11: 7 | AA11: 2 | AI11: =SUM(B11:AH11) -> 43
A12: ='Yearly Info'!A15 -> MDEQ | AI12: =SUM(B12:AH12) -> 0
A13: ='Yearly Info'!A16 -> RICS Idea Portal | AI13: =SUM(B13:AH13) -> 0
A14: ='Yearly Info'!A17 -> MSWIS | D14: 8 | E14: 3 | F14: 2 | J14: 8 | K14: 8 | L14: 8 | R14: 2 | T14: 8 | W14: 15 | Y14: 8 | Z14: 2 | AG14: 2 | AI14: =SUM(B14:AH14) -> 74
A15: ='Yearly Info'!A18 -> GeoSpatial | AI15: =SUM(B15:AH15) -> 0
A16: ='Yearly Info'!A19 -> RICS Dashboard | AI16: =SUM(B16:AH16) -> 0
A17: ='Yearly Info'!A20 -> MDWFP NRIS | F17: 2 | I17: 8 | M17: 8 | S17: 8 | W17: 7 | X17: 4 | Y17: 2 | AF17: 6 | AI17: =SUM(B17:AH17) -> 45
A18: ='Yearly Info'!A21 -> MSWIS MRVA 4 CLOSED | AA18: 2 | AI18: =SUM(B18:AH18) -> 2
A19: ='Yearly Info'!A22 -> Tackett | X19: 4 | AD19: 10 | AE19: 8 | AF19: 2 | AG19: 6 | AI19: =SUM(B19:AH19) -> 30
A20: ='Yearly Info'!A23 -> 0 | AI20: =SUM(B20:AH20) -> 0
A21: ='Yearly Info'!A24 -> 0 | AI21: =SUM(B21:AH21) -> 0
A22: ='Yearly Info'!A25 -> 0 | AI22: =SUM(B22:AH22) -> 0
A23: ='Yearly Info'!A26 -> 0 | AI23: =SUM(B23:AH23) -> 0
A24: ='Yearly Info'!A27 -> 0 | AI24: =SUM(B24:AH24) -> 0
A25: ='Yearly Info'!A28 -> 0 | AI25: =SUM(B25:AH25) -> 0
A26: ='Yearly Info'!A29 -> 0 | AI26: =SUM(B26:AH26) -> 0
A27: ='Yearly Info'!A30 -> 0 | AI27: =SUM(B27:AH27) -> 0
A28: ='Yearly Info'!A31 -> 0 | AI28: =SUM(B28:AH28) -> 0
A29: ='Yearly Info'!A32 -> 0 | AI29: =SUM(B29:AH29) -> 0
A30: ='Yearly Info'!A33 -> 0 | AI30: =SUM(B30:AH30) -> 0
A31: ='Yearly Info'!A34 -> 0 | AI31: =SUM(B31:AH31) -> 0
... A40: ='Yearly Info'!A43 | AI40: =SUM(B40:AH40) -> 0
AI41: =SUM(B41:AH41) -> 0
A42: Total | B42: =SUM(B9:B40) -> 0 | C42: =SUM(C9:C40) -> 0 | D42: =SUM(D9:D40) -> 12 | E42: =SUM(E9:E40) -> 5 | F42: =SUM(F9:F40) -> 8 | G42: =SUM(G9:G40) -> 0 | H42: =SUM(H9:H40) -> 0 | I42: =SUM(I9:I40) -> 8 | ... AE42: =SUM(AE9:AE40) -> 8 | AF42: =SUM(AF9:AF41) -> 8 | AG42: =SUM(AG9:AG40) -> 8 | AH42: =SUM(AH9:AH40) -> 0 | AI42: =SUM(AI11:AI41) -> 194
A43: Leave - Holiday | B43: =IF(B7<$D$4,0, IF(B7='Yearly Info'!$C2, 8, IF(B7='Yearly Info'!$C3, 8, IF(B7='Yearly Info'!$C4, 8, IF(B7='Yearly Info'!$C5, 8, IF(B7='Yearly Info'!$C6, 8, IF(B7='Yearly Info'!$C7, 8, IF(B7='Yearly Info'!$C8, 8, IF(B7='Yearly Info'!$C9, 8, IF(B7='Yearly Info'!$C10, 8, IF(B7='Yearly Info'!$C11,8,0))))))))))) -> 0 | C43: =IF(C7<$D$4,0, IF(C7='Yearly Info'!$C2, 8, IF(C7='Yearly Info'!$C3, 8, IF(C7='Yearly Info'!$C4, 8, IF(C7='Yearly Info'!$C5, 8, IF(C7='Yearly Info'!$C6, 8, IF(C7='Yearly Info'!$C7, 8, IF(C7='Yearly Info'!$C8, 8, IF(C7='Yearly Info'!$C9, 8, IF(C7='Yearly Info'!$C10, 8, IF(C7='Yearly Info'!$C11,8,0))))))))))) -> 0 | D43: =IF(D7<$D$4,0, IF(D7='Yearly Info'!$C2, 8, IF(D7='Yearly Info'!$C3, 8, IF(D7='Yearly Info'!$C4, 8, IF(D7='Yearly Info'!$C5, 8, IF(D7='Yearly Info'!$C6, 8, IF(D7='Yearly Info'!$C7, 8, IF(D7='Yearly Info'!$C8, 8, IF(D7='Yearly Info'!$C9, 8, IF(D7='Yearly Info'!$C10, 8, IF(D7='Yearly Info'!$C11,8,0))))))))))) -> 0 | E43: =IF(E7<$D$4,0, IF(E7='Yearly Info'!$C2, 8, IF(E7='Yearly Info'!$C3, 8, IF(E7='Yearly Info'!$C4, 8, IF(E7='Yearly Info'!$C5, 8, IF(E7='Yearly Info'!$C6, 8, IF(E7='Yearly Info'!$C7, 8, IF(E7='Yearly Info'!$C8, 8, IF(E7='Yearly Info'!$C9, 8, IF(E7='Yearly Info'!$C10, 8, IF(E7='Yearly Info'!$C11,8,0))))))))))) -> 0 | F43: =IF(F7<$D$4,0, IF(F7='Yearly Info'!$C2, 8, IF(F7='Yearly Info'!$C3, 8, IF(F7='Yearly Info'!$C4, 8, IF(F7='Yearly Info'!$C5, 8, IF(F7='Yearly Info'!$C6, 8, IF(F7='Yearly Info'!$C7, 8, IF(F7='Yearly Info'!$C8, 8, IF(F7='Yearly Info'!$C9, 8, IF(F7='Yearly Info'!$C10, 8, IF(F7='Yearly Info'!$C11,8,0))))))))))) -> 0 | G43: =IF(G7='Yearly Info'!$C2, 8, IF(G7='Yearly Info'!$C3, 8, IF(G7='Yearly Info'!$C4, 8, IF(G7='Yearly Info'!$C5, 8, IF(G7='Yearly Info'!$C6, 8, IF(G7='Yearly Info'!$C7, 8, IF(G7='Yearly Info'!$C8, 8, IF(G7='Yearly Info'!$C9, 8, IF(G7='Yearly Info'!$C10, 8, IF(G7='Yearly Info'!$C11,8,0)))))))))) -> 0 | H43: =IF(H7='Yearly Info'!$C2, 8, IF(H7='Yearly Info'!$C3, 8, IF(H7='Yearly Info'!$C4, 8, IF(H7='Yearly Info'!$C5, 8, IF(H7='Yearly Info'!$C6, 8, IF(H7='Yearly Info'!$C7, 8, IF(H7='Yearly Info'!$C8, 8, IF(H7='Yearly Info'!$C9, 8, IF(H7='Yearly Info'!$C10, 8, IF(H7='Yearly Info'!$C11,8,0)))))))))) -> 0 | I43: =IF(I7='Yearly Info'!$C2, 8, IF(I7='Yearly Info'!$C3, 8, IF(I7='Yearly Info'!$C4, 8, IF(I7='Yearly Info'!$C5, 8, IF(I7='Yearly Info'!$C6, 8, IF(I7='Yearly Info'!$C7, 8, IF(I7='Yearly Info'!$C8, 8, IF(I7='Yearly Info'!$C9, 8, IF(I7='Yearly Info'!$C10, 8, IF(I7='Yearly Info'!$C11,8,0)))))))))) -> 0 | J43: =IF(J7='Yearly Info'!$C2, 8, IF(J7='Yearly Info'!$C3, 8, IF(J7='Yearly Info'!$C4, 8, IF(J7='Yearly Info'!$C5, 8, IF(J7='Yearly Info'!$C6, 8, IF(J7='Yearly Info'!$C7, 8, IF(J7='Yearly Info'!$C8, 8, IF(J7='Yearly Info'!$C9, 8, IF(J7='Yearly Info'!$C10, 8, IF(J7='Yearly Info'!$C11,8,0)))))))))) -> 0 | K43: =IF(K7='Yearly Info'!$C2, 8, IF(K7='Yearly Info'!$C3, 8, IF(K7='Yearly Info'!$C4, 8, IF(K7='Yearly Info'!$C5, 8, IF(K7='Yearly Info'!$C6, 8, IF(K7='Yearly Info'!$C7, 8, IF(K7='Yearly Info'!$C8, 8, IF(K7='Yearly Info'!$C9, 8, IF(K7='Yearly Info'!$C10, 8, IF(K7='Yearly Info'!$C11,8,0)))))))))) -> 0 | L43: =IF(L7='Yearly Info'!$C2, 8, IF(L7='Yearly Info'!$C3, 8, IF(L7='Yearly Info'!$C4, 8, IF(L7='Yearly Info'!$C5, 8, IF(L7='Yearly Info'!$C6, 8, IF(L7='Yearly Info'!$C7, 8, IF(L7='Yearly Info'!$C8, 8, IF(L7='Yearly Info'!$C9, 8, IF(L7='Yearly Info'!$C10, 8, IF(L7='Yearly Info'!$C11,8,0)))))))))) -> 0 | M43: =IF(M7='Yearly Info'!$C2, 8, IF(M7='Yearly Info'!$C3, 8, IF(M7='Yearly Info'!$C4, 8, IF(M7='Yearly Info'!$C5, 8, IF(M7='Yearly Info'!$C6, 8, IF(M7='Yearly Info'!$C7, 8, IF(M7='Yearly Info'!$C8, 8, IF(M7='Yearly Info'!$C9, 8, IF(M7='Yearly Info'!$C10, 8, IF(M7='Yearly Info'!$C11,8,0)))))))))) -> 0 | N43: =IF(N7='Yearly Info'!$C2, 8, IF(N7='Yearly Info'!$C3, 8, IF(N7='Yearly Info'!$C4, 8, IF(N7='Yearly Info'!$C5, 8, IF(N7='Yearly Info'!$C6, 8, IF(N7='Yearly Info'!$C7, 8, IF(N7='Yearly Info'!$C8, 8, IF(N7='Yearly Info'!$C9, 8, IF(N7='Yearly Info'!$C10, 8, IF(N7='Yearly Info'!$C11,8,0)))))))))) -> 0 | ... AA43: =IF(AA7='Yearly Info'!$C2, 8, IF(AA7='Yearly Info'!$C3, 8, IF(AA7='Yearly Info'!$C4, 8, IF(AA7='Yearly Info'!$C5, 8, IF(AA7='Yearly Info'!$C6, 8, IF(AA7='Yearly Info'!$C7, 8, IF(AA7='Yearly Info'!$C8, 8, IF(AA7='Yearly Info'!$C9, 8, IF(AA7='Yearly Info'!$C10, 8, IF(AA7='Yearly Info'!$C11,8,0)))))))))) -> 0 | AB43: =IF(AB7>EOMONTH($D$4,0),0, IF(AB7='Yearly Info'!$C2, 8, IF(AB7='Yearly Info'!$C3, 8, IF(AB7='Yearly Info'!$C4, 8, IF(AB7='Yearly Info'!$C5, 8, IF(AB7='Yearly Info'!$C6, 8, IF(AB7='Yearly Info'!$C7, 8, IF(AB7='Yearly Info'!$C8, 8, IF(AB7='Yearly Info'!$C9, 8, IF(AB7='Yearly Info'!$C10, 8, IF(AB7='Yearly Info'!$C11,8,0))))))))))) -> 0 | AC43: =IF(AC7>EOMONTH($D$4,0),0, IF(AC7='Yearly Info'!$C2, 8, IF(AC7='Yearly Info'!$C3, 8, IF(AC7='Yearly Info'!$C4, 8, IF(AC7='Yearly Info'!$C5, 8, IF(AC7='Yearly Info'!$C6, 8, IF(AC7='Yearly Info'!$C7, 8, IF(AC7='Yearly Info'!$C8, 8, IF(AC7='Yearly Info'!$C9, 8, IF(AC7='Yearly Info'!$C10, 8, IF(AC7='Yearly Info'!$C11,8,0))))))))))) -> 0 | AE43: =IF(AE7>EOMONTH($D$4,0),0, IF(AE7='Yearly Info'!$C2, 8, IF(AE7='Yearly Info'!$C3, 8, IF(AE7='Yearly Info'!$C4, 8, IF(AE7='Yearly Info'!$C5, 8, IF(AE7='Yearly Info'!$C6, 8, IF(AE7='Yearly Info'!$C7, 8, IF(AE7='Yearly Info'!$C8, 8, IF(AE7='Yearly Info'!$C9, 8, IF(AE7='Yearly Info'!$C10, 8, IF(AE7='Yearly Info'!$C11,8,0))))))))))) -> 0 | AF43: =IF(AF7>EOMONTH($D$4,0),0, IF(AF7='Yearly Info'!$C2, 8, IF(AF7='Yearly Info'!$C3, 8, IF(AF7='Yearly Info'!$C4, 8, IF(AF7='Yearly Info'!$C5, 8, IF(AF7='Yearly Info'!$C6, 8, IF(AF7='Yearly Info'!$C7, 8, IF(AF7='Yearly Info'!$C8, 8, IF(AF7='Yearly Info'!$C9, 8, IF(AF7='Yearly Info'!$C10, 8, IF(AF7='Yearly Info'!$C11,8,0))))))))))) -> 0 | AG43: =IF(AG7>EOMONTH($D$4,0),0, IF(AG7='Yearly Info'!$C2, 8, IF(AG7='Yearly Info'!$C3, 8, IF(AG7='Yearly Info'!$C4, 8, IF(AG7='Yearly Info'!$C5, 8, IF(AG7='Yearly Info'!$C6, 8, IF(AG7='Yearly Info'!$C7, 8, IF(AG7='Yearly Info'!$C8, 8, IF(AG7='Yearly Info'!$C9, 8, IF(AG7='Yearly Info'!$C10, 8, IF(AG7='Yearly Info'!$C11,8,0))))))))))) -> 0 | AH43: =IF(AH7>EOMONTH($D$4,0),0, IF(AH7='Yearly Info'!$C2, 8, IF(AH7='Yearly Info'!$C3, 8, IF(AH7='Yearly Info'!$C4, 8, IF(AH7='Yearly Info'!$C5, 8, IF(AH7='Yearly Info'!$C6, 8, IF(AH7='Yearly Info'!$C7, 8, IF(AH7='Yearly Info'!$C8, 8, IF(AH7='Yearly Info'!$C9, 8, IF(AH7='Yearly Info'!$C10, 8, IF(AH7='Yearly Info'!$C11,8,0))))))))))) -> 0 | AI43: =SUM(B43:AH43) -> 0
B44: Leave - Personal | AI44: =IF(SUM(B48:AH48)-AI42-AI43>0,SUM(B48:AH48)-AI42-AI43,0) -> 0
B45: Extended Work Week (Extra Hours) | AI45: =IF(SUM(B48:AH48)-AI42-AI43<0,(SUM(B48:AH48)-AI42-AI43)*-1,0) -> 18
A46: Daily Total | B46: =SUM(B45,B43,B42) -> 0 | C46: =SUM(C45,C43,C42) -> 0 | D46: =SUM(D45,D43,D42) -> 12 | E46: =SUM(E45,E43,E42) -> 5 | F46: =SUM(F45,F43,F42) -> 8 | G46: =SUM(G45,G43,G42) -> 0 | H46: =SUM(H45,H43,H42) -> 0 | I46: =SUM(I45,I43,I42) -> 8 | ... AH46: =SUM(AH45,AH43,AH42) -> 0 | AI46: =SUM(B46:AH46) -> 194
A47: Weekly Total | B47: =IF(B8="Sun",SUM(B46),"") | C47: =IF(C8="Sun",SUM(B46,C46),"") | D47: =IF(D8="Sun",SUM(B46,C46,D46),"") | E47: =IF(E8="Sun",SUM(B46,C46,D46,E46),"") | F47: =SUM(B46:H46) -> 25 | I47: =IF(I8="Sun",SUM(C46,D46,E46,F46,G46,H46,I46),"") | J47: =IF(J8="Sun",SUM(D46,E46,F46,G46,H46,I46,J46),"") | K47: =IF(K8="Sun",SUM(E46,F46,G46,H46,I46,J46,K46),"") | L47: =IF(L8="Sun",SUM(F46,G46,H46,I46,J46,K46,L46),"") | M47: =SUM(I46:O46) -> 40 | P47: =IF(P8="Sun",SUM(J46,K46,L46,M46,N46,O46,P46),"") | Q47: =IF(Q8="Sun",SUM(K46,L46,M46,N46,O46,P46,Q46),"") | R47: =IF(R8="Sun",SUM(L46,M46,N46,O46,P46,Q46,R46),"") | S47: =IF(S8="Sun",SUM(M46,N46,O46,P46,Q46,R46,S46),"") | T47: =SUM(P46:V46) -> 42 | W47: =IF(W8="Sun",SUM(Q46,R46,S46,T46,U46,V46,W46),"") | X47: =IF(X8="Sun",SUM(R46,S46,T46,U46,V46,W46,X46),"") | Y47: =IF(Y8="Sun",SUM(S46,T46,U46,V46,W46,X46,Y46),"") | Z47: =IF(Z8="Sun",SUM(T46,U46,V46,W46,X46,Y46,Z46),"") | AA47: =SUM(W46:AC46) -> 53 | AD47: =IF(AD8="Sun",SUM(X46,Y46,Z46,AA46,AB46,AC46,AD46),"") | AE47: =IF(AE8="Sun",SUM(Y46,Z46,AA46,AB46,AC46,AD46,AE46),"") | AF47: =IF(AF8="Sun",SUM(Z46,AA46,AB46,AC46,AD46,AE46,AF46),"") | AG47: =IF(AG8="Sun",SUM(AA46,AB46,AC46,AD46,AE46,AF46,AG46),"") | AH47: =SUM(AD46:AH46) -> 34 | AI47: =SUM(B47:AH47) -> 194
B48: =IF(B7>=$D$4,IF(B7<=EOMONTH($D$4,0), IF(B8="S",0,IF(B8="S",0,8)),0),0) -> 0 | C48: =IF(C7>=$D$4,IF(C7<=EOMONTH($D$4,0), IF(C8="S",0,IF(C8="S",0,8)),0),0) -> 0 | D48: =IF(D7>=$D$4,IF(D7<=EOMONTH($D$4,0), IF(D8="S",0,IF(D8="S",0,8)),0),0) -> 8 | E48: =IF(E7>=$D$4,IF(E7<=EOMONTH($D$4,0), IF(E8="S",0,IF(E8="S",0,8)),0),0) -> 8 | F48: =IF(F7>=$D$4,IF(F7<=EOMONTH($D$4,0), IF(F8="S",0,IF(F8="S",0,8)),0),0) -> 8 | G48: =IF(G7>=$D$4,IF(G7<=EOMONTH($D$4,0), IF(G8="S",0,IF(G8="S",0,8)),0),0) -> 0 | H48: =IF(H7>=$D$4,IF(H7<=EOMONTH($D$4,0), IF(H8="S",0,IF(H8="S",0,8)),0),0) -> 0 | I48: =IF(I7>=$D$4,IF(I7<=EOMONTH($D$4,0), IF(I8="S",0,IF(I8="S",0,8)),0),0) -> 8 | ... AH48: =IF(AH7>=$D$4,IF(AH7<=EOMONTH($D$4,0), IF(AH8="S",0,IF(AH8="S",0,8)),0),0) -> 0 | AI48: =SUM(B48:AH48) -> 176
B53: MONTHLY TIME RECORD
B54: Name: | D54: =D3 -> Don Woods
B55: Month: | D55: =D4 -> 46113 | J55: Year: | L55: =L4 -> 2026
A57: Project No. & Description | B57: Day of the Month | AI57: Total Hours
B58: =IF(WEEKDAY(D$4,2)>5,D$4+8 - WEEKDAY(D$4,2),D$4-(WEEKDAY(D$4,2)-1)) -> 46111 | C58: =B58+1 -> 46112 | D58: =C58+1 -> 46113 | E58: =D58+1 -> 46114 | F58: =E58+1 -> 46115 | G58: =F58+1 -> 46116 | H58: =G58+1 -> 46117 | I58: =H58+1 -> 46118 | J58: =I58+1 -> 46119 | ... AH58: =AG58+1 -> 46143 | AI58: Hours
B59: =TEXT(WEEKDAY(B58),"ddd") -> Mon | C59: =TEXT(WEEKDAY(C58),"ddd") -> Tue | D59: =TEXT(WEEKDAY(D58),"ddd") -> Wed | E59: =TEXT(WEEKDAY(E58),"ddd") -> Thu | F59: =TEXT(WEEKDAY(F58),"ddd") -> Fri | G59: =TEXT(WEEKDAY(G58),"ddd") -> Sat | H59: =TEXT(WEEKDAY(H58),"ddd") -> Sun | I59: =TEXT(WEEKDAY(I58),"ddd") -> Mon | ... AH59: =TEXT(WEEKDAY(AH58),"ddd") -> Fri
A60: Hours
A61: =A10 -> Enter Job #s on Yearly Info Tab
A62: =A11 -> RICS Support for MDEQ | B62: =B11 -> 0 | C62: =C11 -> 0 | D62: =D11 -> 4 | E62: 4 | F62: =F11 -> 4 | G62: =G11 -> 0 | H62: =H11 -> 0 | I62: =I11 -> 0 | J62: =J11 -> 0 | K62: =K11 -> 0 | L62: =L11 -> 0 | M62: =M11 -> 0 | ... Z62: =Z11 -> 7 | AA62: 4 | AB62: =AB11 -> 0 | AC62: =AC11 -> 0 | AD62: =AD11 -> 0 | AE62: =AE11 -> 0 | AF62: =AF11 -> 0 | AG62: =AG11 -> 0 | AH62: =AH11 -> 0 | AI62: =SUM(B62:AH62) -> 47
A63: =A12 -> MDEQ | B63: =B12 -> 0 | C63: =C12 -> 0 | D63: =D12 -> 0 | E63: =E12 -> 0 | F63: =F12 -> 0 | G63: =G12 -> 0 | H63: =H12 -> 0 | ... AH63: =AH12 -> 0 | AI63: =SUM(B63:AH63) -> 0
A64: =A13 -> RICS Idea Portal | B64: =B13 -> 0 | C64: =C13 -> 0 | D64: =D13 -> 0 | E64: =E13 -> 0 | F64: =F13 -> 0 | G64: =G13 -> 0 | H64: =H13 -> 0 | ... AH64: =AH13 -> 0 | AI64: =SUM(B64:AH64) -> 0
A65: =A14 -> MSWIS | B65: =B14 -> 0 | C65: =C14 -> 0 | D65: =D14 -> 8 | E65: =E14 -> 3 | F65: =F14 -> 2 | G65: =G14 -> 0 | H65: =H14 -> 0 | ... Z65: =Z14 -> 2 | AA65: 2 | AB65: =AB14 -> 0 | AC65: =AC14 -> 0 | AD65: =AD14 -> 0 | AE65: =AE14 -> 0 | AF65: =AF14 -> 0 | AG65: =AG14 -> 2 | AH65: =AH14 -> 0 | AI65: =SUM(B65:AH65) -> 76
A66: =A15 -> GeoSpatial | B66: =B15 -> 0 | C66: =C15 -> 0 | D66: =D15 -> 0 | E66: =E15 -> 0 | F66: =F15 -> 0 | G66: =G15 -> 0 | H66: =H15 -> 0 | ... AH66: =AH15 -> 0 | AI66: =SUM(B66:AH66) -> 0
A67: =A16 -> RICS Dashboard | B67: =B16 -> 0 | C67: =C16 -> 0 | D67: =D16 -> 0 | E67: =E16 -> 0 | F67: =F16 -> 0 | G67: =G16 -> 0 | H67: =H16 -> 0 | ... AH67: =AH16 -> 0 | AI67: =SUM(B67:AH67) -> 0
A68: =A17 -> MDWFP NRIS | B68: =B17 -> 0 | C68: =C17 -> 0 | D68: =D17 -> 0 | E68: =E17 -> 0 | F68: =F17 -> 2 | G68: =G17 -> 0 | H68: =H17 -> 0 | ... AH68: =AH17 -> 0 | AI68: =SUM(B68:AH68) -> 45
A69: =A18 -> MSWIS MRVA 4 CLOSED | B69: =B18 -> 0 | C69: =C18 -> 0 | D69: =D18 -> 0 | E69: =E18 -> 0 | F69: =F18 -> 0 | G69: =G18 -> 0 | H69: =H18 -> 0 | ... AH69: =AH18 -> 0 | AI69: =SUM(B69:AH69) -> 2
A70: =A19 -> Tackett | B70: =B19 -> 0 | C70: =C19 -> 0 | D70: =D19 -> 0 | E70: =E19 -> 0 | F70: =F19 -> 0 | G70: =G19 -> 0 | H70: =H19 -> 0 | ... AH70: =AH19 -> 0 | AI70: =SUM(B70:AH70) -> 30
A71: =A20 -> 0 | B71: =B20 -> 0 | C71: =C20 -> 0 | D71: =D20 -> 0 | E71: =E20 -> 0 | F71: =F20 -> 0 | G71: =G20 -> 0 | H71: =H20 -> 0 | ... AH71: =AH20 -> 0 | AI71: =SUM(B71:AH71) -> 0
A72: =A21 -> 0 | B72: =B21 -> 0 | C72: =C21 -> 0 | D72: =D21 -> 0 | E72: =E21 -> 0 | F72: =F21 -> 0 | G72: =G21 -> 0 | H72: =H21 -> 0 | ... AH72: =AH21 -> 0 | AI72: =SUM(B72:AH72) -> 0
A73: =A22 -> 0 | B73: =B22 -> 0 | C73: =C22 -> 0 | D73: =D22 -> 0 | E73: =E22 -> 0 | F73: =F22 -> 0 | G73: =G22 -> 0 | H73: =H22 -> 0 | ... AH73: =AH22 -> 0 | AI73: =SUM(B73:AH73) -> 0
A74: =A23 -> 0 | B74: =B23 -> 0 | C74: =C23 -> 0 | D74: =D23 -> 0 | E74: =E23 -> 0 | F74: =F23 -> 0 | G74: =G23 -> 0 | H74: =H23 -> 0 | ... AH74: =AH23 -> 0 | AI74: =SUM(B74:AH74) -> 0
A75: =A24 -> 0 | B75: =B24 -> 0 | C75: =C24 -> 0 | D75: =D24 -> 0 | E75: =E24 -> 0 | F75: =F24 -> 0 | G75: =G24 -> 0 | H75: =H24 -> 0 | ... AH75: =AH24 -> 0 | AI75: =SUM(B75:AH75) -> 0
A76: =A25 -> 0 | B76: =B25 -> 0 | C76: =C25 -> 0 | D76: =D25 -> 0 | E76: =E25 -> 0 | F76: =F25 -> 0 | G76: =G25 -> 0 | H76: =H25 -> 0 | ... AH76: =AH25 -> 0 | AI76: =SUM(B76:AH76) -> 0
A77: =A26 -> 0 | B77: =B26 -> 0 | C77: =C26 -> 0 | D77: =D26 -> 0 | E77: =E26 -> 0 | F77: =F26 -> 0 | G77: =G26 -> 0 | H77: =H26 -> 0 | ... AH77: =AH26 -> 0 | AI77: =SUM(B77:AH77) -> 0
... A80: =A29 -> 0 | B80: =B29 -> 0 | C80: =C29 -> 0 | D80: =D29 -> 0 | E80: =E29 -> 0 | F80: =F29 -> 0 | G80: =G29 -> 0 | H80: =H29 -> 0 | ... AH80: =AH29 -> 0 | AI80: =SUM(B80:AH80) -> 0
A81: =A30 -> 0 | B81: =B24 -> 0 | C81: =C24 -> 0 | D81: =D24 -> 0 | E81: =E24 -> 0 | F81: =F24 -> 0 | G81: =G24 -> 0 | H81: =H24 -> 0 | I81: =I24 -> 0 | ... Q81: =Q24 -> 0 | AF81: =AF24 -> 0 | AG81: =AG24 -> 0 | AH81: =AH24 -> 0 | AI81: =SUM(B81:AH81) -> 0
A82: =A31 -> 0 | B82: =B31 -> 0 | C82: =C31 -> 0 | D82: =D31 -> 0 | E82: =E31 -> 0 | F82: =F31 -> 0 | G82: =G31 -> 0 | H82: =H31 -> 0 | ... AH82: =AH31 -> 0 | AI82: =SUM(B82:AH82) -> 0
A83: =A32 -> 0 | B83: =B32 -> 0 | C83: =C32 -> 0 | D83: =D32 -> 0 | E83: =E32 -> 0 | F83: =F32 -> 0 | G83: =G32 -> 0 | H83: =H32 -> 0 | ... AH83: =AH32 -> 0 | AI83: =SUM(B83:AH83) -> 0
A84: =A33 -> 0 | B84: =B33 -> 0 | C84: =C33 -> 0 | D84: =D33 -> 0 | E84: =E33 -> 0 | F84: =F33 -> 0 | G84: =G33 -> 0 | H84: =H33 -> 0 | ... AH84: =AH33 -> 0 | AI84: =SUM(B84:AH84) -> 0
A85: =A34 -> 0 | B85: =B34 -> 0 | C85: =C34 -> 0 | D85: =D34 -> 0 | E85: =E34 -> 0 | F85: =F34 -> 0 | G85: =G34 -> 0 | H85: =H34 -> 0 | ... AH85: =AH34 -> 0 | AI85: =SUM(B85:AH85) -> 0
A86: =A35 -> 0 | B86: =B35 -> 0 | C86: =C35 -> 0 | D86: =D35 -> 0 | E86: =E35 -> 0 | F86: =F35 -> 0 | G86: =G35 -> 0 | H86: =H35 -> 0 | ... AH86: =AH35 -> 0 | AI86: =SUM(B86:AH86) -> 0
A87: =A36 -> 0 | B87: =B36 -> 0 | C87: =C36 -> 0 | D87: =D36 -> 0 | E87: =E36 -> 0 | F87: =F36 -> 0 | G87: =G36 -> 0 | H87: =H36 -> 0 | ... AH87: =AH36 -> 0 | AI87: =SUM(B87:AH87) -> 0
A88: =A37 -> 0 | B88: =B37 -> 0 | C88: =C37 -> 0 | D88: =D37 -> 0 | E88: =E37 -> 0 | F88: =F37 -> 0 | G88: =G37 -> 0 | H88: =H37 -> 0 | ... AH88: =AH37 -> 0 | AI88: =SUM(B88:AH88) -> 0
A89: =A38 | B89: =B38 -> 0 | C89: =C38 -> 0 | D89: =D38 -> 0 | E89: =E38 -> 0 | F89: =F38 -> 0 | G89: =G38 -> 0 | H89: =H38 -> 0 | ... AH89: =AH38 -> 0 | AI89: =SUM(B89:AH89) -> 0
A90: =A39 | B90: =B39 -> 0 | C90: =C39 -> 0 | D90: =D39 -> 0 | E90: =E39 -> 0 | F90: =F39 -> 0 | G90: =G39 -> 0 | H90: =H39 -> 0 | ... AH90: =AH39 -> 0 | AI90: =SUM(B90:AH90) -> 0
A91: =A40 | B91: =B40 -> 0 | C91: =C40 -> 0 | D91: =D40 -> 0 | E91: =E40 -> 0 | F91: =F40 -> 0 | G91: =G40 -> 0 | H91: =H40 -> 0 | ... AH91: =AH40 -> 0 | AI91: =SUM(B91:AH91) -> 0
A92: Total | B92: =SUM(B60:B91) -> 0 | C92: =SUM(C60:C91) -> 0 | D92: =SUM(D60:D91) -> 12 | E92: =SUM(E60:E91) -> 7 | F92: =SUM(F60:F91) -> 8 | G92: =SUM(G60:G91) -> 0 | H92: =SUM(H60:H91) -> 0 | I92: =SUM(I60:I91) -> 8 | ... AI92: =SUM(AI60:AI91) -> 200
AI93: =AI92 -> 200

Sheet APR-DESC
B2: Name: | D2: ='Yearly Info'!A45 -> Don Woods | E2: =INDIRECT("'" & $Q$1 & "'!D11") -> #REF! | F2: =INDIRECT("'" & $Q$1 & "'!D11") -> #REF! | G2: =INDIRECT("'" & $Q$1 & "'!D11") -> #REF! | H2: =INDIRECT("'" & $Q$1 & "'!D11") -> #REF! | I2: =INDIRECT("'" & $Q$1 & "'!D11") -> #REF! | J2: =INDIRECT("'" & $Q$1 & "'!D11") -> #REF! | K2: =INDIRECT("'" & $Q$1 & "'!D11") -> #REF! | L2: =INDIRECT("'" & $Q$1 & "'!D11") -> #REF! | ... N2: =INDIRECT("'" & $Q$1 & "'!D11") -> #REF!
B3: Month: | D3: ='Yearly Info'!D4 -> 46113 | E3: =INDIRECT("'" & LEFT(UPPER(MID(CELL("filename"),(FIND("]",CELL("filename"))+1),50)),3) & "'!$D$4") -> 46204 | F3: =INDIRECT("'" & LEFT(UPPER(MID(CELL("filename"),(FIND("]",CELL("filename"))+1),50)),3) & "'!$D$4") -> 46204 | G3: =INDIRECT("'" & LEFT(UPPER(MID(CELL("filename"),(FIND("]",CELL("filename"))+1),50)),3) & "'!$D$4") -> 46204 | H3: =INDIRECT("'" & LEFT(UPPER(MID(CELL("filename"),(FIND("]",CELL("filename"))+1),50)),3) & "'!$D$4") -> 46204 | I3: Year: | K3: ='Yearly Info'!B1 -> 2026
A5: Project | B5: Date / Hours | E5: Description
A8: =IF(MONTH(C8)=MONTH(D$3),RIGHT('Yearly Info'!A$14,LEN('Yearly Info'!A$14)-4),"") | B8: =TEXT(C8,"dddd") -> Monday | C8: =INDIRECT("'" & UPPER(LEFT(TEXT($D$3,"mmmm"),3)) & "'!B7") -> 46111 | D8: =INDIRECT("'" & UPPER(LEFT(TEXT($D$3,"mmmm"),3)) & "'!B11") -> 0
A9: =IF(MONTH(C9)=MONTH(D$3),RIGHT('Yearly Info'!A$15,LEN('Yearly Info'!A$15)-4),"") | C9: =C8 -> 46111 | D9: =INDIRECT("'" & UPPER(LEFT(TEXT($D$3,"mmmm"),3)) & "'!B12") -> 0
A10: =IF(MONTH(C10)=MONTH(D$3),RIGHT('Yearly Info'!A$16,LEN('Yearly Info'!A$16)-4),"") | C10: =C9 -> 46111 | D10: =INDIRECT("'" & UPPER(LEFT(TEXT($D$3,"mmmm"),3)) & "'!B13") -> 0
A11: =IF(MONTH(C11)=MONTH(D$3),RIGHT('Yearly Info'!A$17,LEN('Yearly Info'!A$17)-4),"") | C11: =C10 -> 46111 | D11: =INDIRECT("'" & UPPER(LEFT(TEXT($D$3,"mmmm"),3)) & "'!B14") -> 0
A12: =IF(MONTH(C12)=MONTH(D$3),RIGHT('Yearly Info'!A$18,LEN('Yearly Info'!A$18)-4),"") | C12: =C11 -> 46111 | D12: =INDIRECT("'" & UPPER(LEFT(TEXT($D$3,"mmmm"),3)) & "'!B15") -> 0
A13: =IF(MONTH(C13)=MONTH(D$3),RIGHT('Yearly Info'!A$19,LEN('Yearly Info'!A$19)-4),"") | C13: =C12 -> 46111 | D13: =INDIRECT("'" & UPPER(LEFT(TEXT($D$3,"mmmm"),3)) & "'!B16") -> 0
A14: =IF(MONTH(C14)=MONTH(D$3),RIGHT('Yearly Info'!A$20,LEN('Yearly Info'!A$20)-4),"") | C14: =C13 -> 46111 | D14: =INDIRECT("'" & UPPER(LEFT(TEXT($D$3,"mmmm"),3)) & "'!B17") -> 0
A15: =IF(MONTH(C15)=MONTH(D$3),RIGHT('Yearly Info'!A$21,LEN('Yearly Info'!A$21)-4),"") | C15: =C14 -> 46111 | D15: =INDIRECT("'" & UPPER(LEFT(TEXT($D$3,"mmmm"),3)) & "'!B18") -> 0
A16: =IF(MONTH(C16)=MONTH(D$3),RIGHT('Yearly Info'!A$22,LEN('Yearly Info'!A$22)-4),"") | C16: =C15 -> 46111 | D16: =INDIRECT("'" & UPPER(LEFT(TEXT($D$3,"mmmm"),3)) & "'!B19") -> 0
A17: =IF(MONTH(C17)=MONTH(D$3),RIGHT('Yearly Info'!A$23,LEN('Yearly Info'!A$23)-4),"") | C17: =C16 -> 46111 | D17: =INDIRECT("'" & UPPER(LEFT(TEXT($D$3,"mmmm"),3)) & "'!B20") -> 0
A18: =IF(MONTH(C18)=MONTH(D$3),RIGHT('Yearly Info'!A$24,LEN('Yearly Info'!A$24)-4),"") | C18: =C17 -> 46111 | D18: =INDIRECT("'" & UPPER(LEFT(TEXT($D$3,"mmmm"),3)) & "'!B21") -> 0
A19: =IF(MONTH(C19)=MONTH(D$3),RIGHT('Yearly Info'!A$25,LEN('Yearly Info'!A$25)-4),"") | C19: =C18 -> 46111 | D19: =INDIRECT("'" & UPPER(LEFT(TEXT($D$3,"mmmm"),3)) & "'!B22") -> 0
A20: =IF(MONTH(C20)=MONTH(D$3),RIGHT('Yearly Info'!A$26,LEN('Yearly Info'!A$26)-4),"") | C20: =C19 -> 46111 | D20: =INDIRECT("'" & UPPER(LEFT(TEXT($D$3,"mmmm"),3)) & "'!B23") -> 0
A21: =IF(MONTH(C21)=MONTH(D$3),RIGHT('Yearly Info'!A$27,LEN('Yearly Info'!A$27)-4),"") | C21: =C20 -> 46111 | D21: =INDIRECT("'" & UPPER(LEFT(TEXT($D$3,"mmmm"),3)) & "'!B24") -> 0
A22: =IF(MONTH(C22)=MONTH(D$3),RIGHT('Yearly Info'!A$28,LEN('Yearly Info'!A$28)-4),"") | C22: =C21 -> 46111 | D22: =INDIRECT("'" & UPPER(LEFT(TEXT($D$3,"mmmm"),3)) & "'!B25") -> 0
A23: =IF(MONTH(C23)=MONTH(D$3),RIGHT('Yearly Info'!A$29,LEN('Yearly Info'!A$29)-4),"") | C23: =C22 -> 46111 | D23: =INDIRECT("'" & UPPER(LEFT(TEXT($D$3,"mmmm"),3)) & "'!B26") -> 0
A24: =IF(MONTH(C24)=MONTH(D$3),RIGHT('Yearly Info'!A$30,LEN('Yearly Info'!A$30)-4),"") | C24: =C23 -> 46111 | D24: =INDIRECT("'" & UPPER(LEFT(TEXT($D$3,"mmmm"),3)) & "'!B27") -> 0
A25: =IF(MONTH(C25)=MONTH(D$3),RIGHT('Yearly Info'!A$31,LEN('Yearly Info'!A$31)-4),"") | C25: =C24 -> 46111 | D25: =INDIRECT("'" & UPPER(LEFT(TEXT($D$3,"mmmm"),3)) & "'!B28") -> 0
A26: =IF(MONTH(C26)=MONTH(D$3),RIGHT('Yearly Info'!A$32,LEN('Yearly Info'!A$32)-4),"") | C26: =C25 -> 46111 | D26: =INDIRECT("'" & UPPER(LEFT(TEXT($D$3,"mmmm"),3)) & "'!B29") -> 0
A27: =IF(MONTH(C27)=MONTH(D$3),RIGHT('Yearly Info'!A$33,LEN('Yearly Info'!A$33)-4),"") | C27: =C26 -> 46111 | D27: =INDIRECT("'" & UPPER(LEFT(TEXT($D$3,"mmmm"),3)) & "'!B30") -> 0
A28: =IF(MONTH(C28)=MONTH(D$3),RIGHT('Yearly Info'!A$34,LEN('Yearly Info'!A$34)-4),"") | C28: =C27 -> 46111 | D28: =INDIRECT("'" & UPPER(LEFT(TEXT($D$3,"mmmm"),3)) & "'!B31") -> 0
A29: =IF(MONTH(C29)=MONTH(D$3),RIGHT('Yearly Info'!A$35,LEN('Yearly Info'!A$35)-4),"") | C29: =C28 -> 46111 | D29: =INDIRECT("'" & UPPER(LEFT(TEXT($D$3,"mmmm"),3)) & "'!B32") -> 0
A30: =IF(MONTH(C30)=MONTH(D$3),RIGHT('Yearly Info'!A$36,LEN('Yearly Info'!A$36)-4),"") | C30: =C29 -> 46111 | D30: =INDIRECT("'" & UPPER(LEFT(TEXT($D$3,"mmmm"),3)) & "'!B33") -> 0
A31: =IF(MONTH(C31)=MONTH(D$3),RIGHT('Yearly Info'!A$37,LEN('Yearly Info'!A$37)-4),"") | C31: =C30 -> 46111 | D31: =INDIRECT("'" & UPPER(LEFT(TEXT($D$3,"mmmm"),3)) & "'!B34") -> 0
A32: =IF(MONTH(C32)=MONTH(D$3),RIGHT('Yearly Info'!A$38,LEN('Yearly Info'!A$38)-4),"") | C32: =C31 -> 46111 | D32: =INDIRECT("'" & UPPER(LEFT(TEXT($D$3,"mmmm"),3)) & "'!B35") -> 0
A33: =IF(MONTH(C33)=MONTH(D$3),RIGHT('Yearly Info'!A$39,LEN('Yearly Info'!A$39)-4),"") | C33: =C32 -> 46111 | D33: =INDIRECT("'" & UPPER(LEFT(TEXT($D$3,"mmmm"),3)) & "'!B36") -> 0
A34: =IF(MONTH(C34)=MONTH(D$3),RIGHT('Yearly Info'!A$40,LEN('Yearly Info'!A$40)-4),"") | C34: =C33 -> 46111 | D34: =INDIRECT("'" & UPPER(LEFT(TEXT($D$3,"mmmm"),3)) & "'!B37") -> 0
A35: =IF(MONTH(C35)=MONTH(D$3),RIGHT('Yearly Info'!A$41,LEN('Yearly Info'!A$41)-4),"") | C35: =C34 -> 46111 | D35: =INDIRECT("'" & UPPER(LEFT(TEXT($D$3,"mmmm"),3)) & "'!B38") -> 0
A36: =IF(MONTH(C36)=MONTH(D$3),RIGHT('Yearly Info'!A$42,LEN('Yearly Info'!A$42)-4),"") | C36: =C35 -> 46111 | D36: =INDIRECT("'" & UPPER(LEFT(TEXT($D$3,"mmmm"),3)) & "'!B39") -> 0
A37: =IF(MONTH(C37)=MONTH(D$3),RIGHT('Yearly Info'!A$43,LEN('Yearly Info'!A$43)-4),"") | C37: =C36 -> 46111 | D37: =INDIRECT("'" & UPPER(LEFT(TEXT($D$3,"mmmm"),3)) & "'!B40") -> 0
A38: =IF(MONTH(C38)=MONTH(D$3),RIGHT('Yearly Info'!A$14,LEN('Yearly Info'!A$14)-4),"") | B38: =TEXT(C38,"dddd") -> Tuesday | C38: =C8+1 -> 46112 | D38: =INDIRECT("'" & UPPER(TEXT($D$3,"mmm")) & "'!C11") -> 0
A39: =IF(MONTH(C39)=MONTH(D$3),RIGHT('Yearly Info'!A$15,LEN('Yearly Info'!A$15)-4),"") | C39: =C38 -> 46112 | D39: =INDIRECT("'" & UPPER(LEFT(TEXT($D$3,"mmmm"),3)) & "'!C12") -> 0
A40: =IF(MONTH(C40)=MONTH(D$3),RIGHT('Yearly Info'!A$16,LEN('Yearly Info'!A$16)-4),"") | C40: =C39 -> 46112 | D40: =INDIRECT("'" & UPPER(LEFT(TEXT($D$3,"mmmm"),3)) & "'!C13") -> 0
A41: =IF(MONTH(C41)=MONTH(D$3),RIGHT('Yearly Info'!A$17,LEN('Yearly Info'!A$17)-4),"") | C41: =C40 -> 46112 | D41: =INDIRECT("'" & UPPER(LEFT(TEXT($D$3,"mmmm"),3)) & "'!C14") -> 0
A42: =IF(MONTH(C42)=MONTH(D$3),RIGHT('Yearly Info'!A$18,LEN('Yearly Info'!A$18)-4),"") | C42: =C41 -> 46112 | D42: =INDIRECT("'" & UPPER(LEFT(TEXT($D$3,"mmmm"),3)) & "'!C15") -> 0
A43: =IF(MONTH(C43)=MONTH(D$3),RIGHT('Yearly Info'!A$19,LEN('Yearly Info'!A$19)-4),"") | C43: =C42 -> 46112 | D43: =INDIRECT("'" & UPPER(LEFT(TEXT($D$3,"mmmm"),3)) & "'!C16") -> 0
A44: =IF(MONTH(C44)=MONTH(D$3),RIGHT('Yearly Info'!A$20,LEN('Yearly Info'!A$20)-4),"") | C44: =C43 -> 46112 | D44: =INDIRECT("'" & UPPER(LEFT(TEXT($D$3,"mmmm"),3)) & "'!C17") -> 0
A45: =IF(MONTH(C45)=MONTH(D$3),RIGHT('Yearly Info'!A$21,LEN('Yearly Info'!A$21)-4),"") | C45: =C44 -> 46112 | D45: =INDIRECT("'" & UPPER(LEFT(TEXT($D$3,"mmmm"),3)) & "'!C18") -> 0
A46: =IF(MONTH(C46)=MONTH(D$3),RIGHT('Yearly Info'!A$22,LEN('Yearly Info'!A$22)-4),"") | C46: =C45 -> 46112 | D46: =INDIRECT("'" & UPPER(LEFT(TEXT($D$3,"mmmm"),3)) & "'!C19") -> 0
A47: =IF(MONTH(C47)=MONTH(D$3),RIGHT('Yearly Info'!A$23,LEN('Yearly Info'!A$23)-4),"") | C47: =C46 -> 46112 | D47: =INDIRECT("'" & UPPER(LEFT(TEXT($D$3,"mmmm"),3)) & "'!C20") -> 0
A48: =IF(MONTH(C48)=MONTH(D$3),RIGHT('Yearly Info'!A$24,LEN('Yearly Info'!A$24)-4),"") | C48: =C47 -> 46112 | D48: =INDIRECT("'" & UPPER(LEFT(TEXT($D$3,"mmmm"),3)) & "'!C21") -> 0
A49: =IF(MONTH(C49)=MONTH(D$3),RIGHT('Yearly Info'!A$25,LEN('Yearly Info'!A$25)-4),"") | C49: =C48 -> 46112 | D49: =INDIRECT("'" & UPPER(LEFT(TEXT($D$3,"mmmm"),3)) & "'!C22") -> 0
A50: =IF(MONTH(C50)=MONTH(D$3),RIGHT('Yearly Info'!A$26,LEN('Yearly Info'!A$26)-4),"") | C50: =C49 -> 46112 | D50: =INDIRECT("'" & UPPER(LEFT(TEXT($D$3,"mmmm"),3)) & "'!C23") -> 0
A51: =IF(MONTH(C51)=MONTH(D$3),RIGHT('Yearly Info'!A$27,LEN('Yearly Info'!A$27)-4),"") | C51: =C50 -> 46112 | D51: =INDIRECT("'" & UPPER(LEFT(TEXT($D$3,"mmmm"),3)) & "'!C24") -> 0
A52: =IF(MONTH(C52)=MONTH(D$3),RIGHT('Yearly Info'!A$28,LEN('Yearly Info'!A$28)-4),"") | C52: =C51 -> 46112 | D52: =INDIRECT("'" & UPPER(LEFT(TEXT($D$3,"mmmm"),3)) & "'!C25") -> 0
A53: =IF(MONTH(C53)=MONTH(D$3),RIGHT('Yearly Info'!A$29,LEN('Yearly Info'!A$29)-4),"") | C53: =C52 -> 46112 | D53: =INDIRECT("'" & UPPER(LEFT(TEXT($D$3,"mmmm"),3)) & "'!C26") -> 0
A54: =IF(MONTH(C54)=MONTH(D$3),RIGHT('Yearly Info'!A$30,LEN('Yearly Info'!A$30)-4),"") | C54: =C53 -> 46112 | D54: =INDIRECT("'" & UPPER(LEFT(TEXT($D$3,"mmmm"),3)) & "'!C27") -> 0
A55: =IF(MONTH(C55)=MONTH(D$3),RIGHT('Yearly Info'!A$31,LEN('Yearly Info'!A$31)-4),"") | C55: =C54 -> 46112 | D55: =INDIRECT("'" & UPPER(LEFT(TEXT($D$3,"mmmm"),3)) & "'!C28") -> 0
A56: =IF(MONTH(C56)=MONTH(D$3),RIGHT('Yearly Info'!A$32,LEN('Yearly Info'!A$32)-4),"") | C56: =C55 -> 46112 | D56: =INDIRECT("'" & UPPER(LEFT(TEXT($D$3,"mmmm"),3)) & "'!C29") -> 0
A57: =IF(MONTH(C57)=MONTH(D$3),RIGHT('Yearly Info'!A$33,LEN('Yearly Info'!A$33)-4),"") | C57: =C56 -> 46112 | D57: =INDIRECT("'" & UPPER(LEFT(TEXT($D$3,"mmmm"),3)) & "'!C30") -> 0
A58: =IF(MONTH(C58)=MONTH(D$3),RIGHT('Yearly Info'!A$34,LEN('Yearly Info'!A$34)-4),"") | C58: =C57 -> 46112 | D58: =INDIRECT("'" & UPPER(LEFT(TEXT($D$3,"mmmm"),3)) & "'!C31") -> 0
A59: =IF(MONTH(C59)=MONTH(D$3),RIGHT('Yearly Info'!A$35,LEN('Yearly Info'!A$35)-4),"") | C59: =C58 -> 46112 | D59: =INDIRECT("'" & UPPER(LEFT(TEXT($D$3,"mmmm"),3)) & "'!C32") -> 0
A60: =IF(MONTH(C60)=MONTH(D$3),RIGHT('Yearly Info'!A$36,LEN('Yearly Info'!A$36)-4),"") | C60: =C59 -> 46112 | D60: =INDIRECT("'" & UPPER(LEFT(TEXT($D$3,"mmmm"),3)) & "'!C33") -> 0
A61: =IF(MONTH(C61)=MONTH(D$3),RIGHT('Yearly Info'!A$37,LEN('Yearly Info'!A$37)-4),"") | C61: =C60 -> 46112 | D61: =INDIRECT("'" & UPPER(LEFT(TEXT($D$3,"mmmm"),3)) & "'!C34") -> 0
A62: =IF(MONTH(C62)=MONTH(D$3),RIGHT('Yearly Info'!A$38,LEN('Yearly Info'!A$38)-4),"") | C62: =C61 -> 46112 | D62: =INDIRECT("'" & UPPER(LEFT(TEXT($D$3,"mmmm"),3)) & "'!C35") -> 0
A63: =IF(MONTH(C63)=MONTH(D$3),RIGHT('Yearly Info'!A$39,LEN('Yearly Info'!A$39)-4),"") | C63: =C62 -> 46112 | D63: =INDIRECT("'" & UPPER(LEFT(TEXT($D$3,"mmmm"),3)) & "'!C36") -> 0
A64: =IF(MONTH(C64)=MONTH(D$3),RIGHT('Yearly Info'!A$40,LEN('Yearly Info'!A$40)-4),"") | C64: =C63 -> 46112 | D64: =INDIRECT("'" & UPPER(LEFT(TEXT($D$3,"mmmm"),3)) & "'!C37") -> 0
A65: =IF(MONTH(C65)=MONTH(D$3),RIGHT('Yearly Info'!A$41,LEN('Yearly Info'!A$41)-4),"") | C65: =C64 -> 46112 | D65: =INDIRECT("'" & UPPER(LEFT(TEXT($D$3,"mmmm"),3)) & "'!C38") -> 0
A66: =IF(MONTH(C66)=MONTH(D$3),RIGHT('Yearly Info'!A$42,LEN('Yearly Info'!A$42)-4),"") | C66: =C65 -> 46112 | D66: =INDIRECT("'" & UPPER(LEFT(TEXT($D$3,"mmmm"),3)) & "'!C39") -> 0
A67: =IF(MONTH(C67)=MONTH(D$3),RIGHT('Yearly Info'!A$43,LEN('Yearly Info'!A$43)-4),"") | C67: =C58 -> 46112 | D67: =INDIRECT("'" & UPPER(LEFT(TEXT($D$3,"mmmm"),3)) & "'!C40") -> 0
A68: =IF(MONTH(C68)=MONTH(D$3),RIGHT('Yearly Info'!A$14,LEN('Yearly Info'!A$14)-4),"") -> RICS Support for MDEQ | B68: =TEXT(C68,"dddd") -> Wednesday | C68: =C38+1 -> 46113 | D68: =INDIRECT("'" & UPPER(LEFT(TEXT($D$3,"mmmm"),3)) & "'!D11") -> 4 | E68: Support RICS Server Migration
A69: =IF(MONTH(C69)=MONTH(D$3),RIGHT('Yearly Info'!A$15,LEN('Yearly Info'!A$15)-4),"") -> MDEQ | C69: =C68 -> 46113 | D69: =INDIRECT("'" & UPPER(LEFT(TEXT($D$3,"mmmm"),3)) & "'!D12") -> 0
A70: =IF(MONTH(C70)=MONTH(D$3),RIGHT('Yearly Info'!A$16,LEN('Yearly Info'!A$16)-4),"") -> RICS Idea Portal | C70: =C69 -> 46113 | D70: =INDIRECT("'" & UPPER(LEFT(TEXT($D$3,"mmmm"),3)) & "'!D13") -> 0
A71: =IF(MONTH(C71)=MONTH(D$3),RIGHT('Yearly Info'!A$17,LEN('Yearly Info'!A$17)-4),"") -> MSWIS | C71: =C70 -> 46113 | D71: =INDIRECT("'" & UPPER(LEFT(TEXT($D$3,"mmmm"),3)) & "'!D14") -> 8 | E71: PWU - Data Import - Axosoft Tickets
A72: =IF(MONTH(C72)=MONTH(D$3),RIGHT('Yearly Info'!A$18,LEN('Yearly Info'!A$18)-4),"") -> GeoSpatial | C72: =C71 -> 46113 | D72: =INDIRECT("'" & UPPER(LEFT(TEXT($D$3,"mmmm"),3)) & "'!D15") -> 0
A73: =IF(MONTH(C73)=MONTH(D$3),RIGHT('Yearly Info'!A$19,LEN('Yearly Info'!A$19)-4),"") -> RICS Dashboard | C73: =C72 -> 46113 | D73: =INDIRECT("'" & UPPER(LEFT(TEXT($D$3,"mmmm"),3)) & "'!D16") -> 0
A74: =IF(MONTH(C74)=MONTH(D$3),RIGHT('Yearly Info'!A$20,LEN('Yearly Info'!A$20)-4),"") -> MDWFP NRIS | C74: =C73 -> 46113 | D74: =INDIRECT("'" & UPPER(LEFT(TEXT($D$3,"mmmm"),3)) & "'!D17") -> 0
A75: =IF(MONTH(C75)=MONTH(D$3),RIGHT('Yearly Info'!A$21,LEN('Yearly Info'!A$21)-4),"") -> MSWIS MRVA 4 CLOSED | C75: =C74 -> 46113 | D75: =INDIRECT("'" & UPPER(LEFT(TEXT($D$3,"mmmm"),3)) & "'!D18") -> 0
A76: =IF(MONTH(C76)=MONTH(D$3),RIGHT('Yearly Info'!A$22,LEN('Yearly Info'!A$22)-4),"") -> Tackett | C76: =C75 -> 46113 | D76: =INDIRECT("'" & UPPER(LEFT(TEXT($D$3,"mmmm"),3)) & "'!D19") -> 0
A77: =IF(MONTH(C77)=MONTH(D$3),RIGHT('Yearly Info'!A$23,LEN('Yearly Info'!A$23)-4),"") -> #VALUE! | C77: =C76 -> 46113 | D77: =INDIRECT("'" & UPPER(LEFT(TEXT($D$3,"mmmm"),3)) & "'!D20") -> 0
A78: =IF(MONTH(C78)=MONTH(D$3),RIGHT('Yearly Info'!A$24,LEN('Yearly Info'!A$24)-4),"") -> #VALUE! | C78: =C77 -> 46113 | D78: =INDIRECT("'" & UPPER(LEFT(TEXT($D$3,"mmmm"),3)) & "'!D21") -> 0
A79: =IF(MONTH(C79)=MONTH(D$3),RIGHT('Yearly Info'!A$25,LEN('Yearly Info'!A$25)-4),"") -> #VALUE! | C79: =C78 -> 46113 | D79: =INDIRECT("'" & UPPER(LEFT(TEXT($D$3,"mmmm"),3)) & "'!D22") -> 0
A80: =IF(MONTH(C80)=MONTH(D$3),RIGHT('Yearly Info'!A$26,LEN('Yearly Info'!A$26)-4),"") -> #VALUE! | C80: =C79 -> 46113 | D80: =INDIRECT("'" & UPPER(LEFT(TEXT($D$3,"mmmm"),3)) & "'!D23") -> 0
A81: =IF(MONTH(C81)=MONTH(D$3),RIGHT('Yearly Info'!A$27,LEN('Yearly Info'!A$27)-4),"") -> #VALUE! | C81: =C80 -> 46113 | D81: =INDIRECT("'" & UPPER(LEFT(TEXT($D$3,"mmmm"),3)) & "'!D24") -> 0
A82: =IF(MONTH(C82)=MONTH(D$3),RIGHT('Yearly Info'!A$28,LEN('Yearly Info'!A$28)-4),"") -> #VALUE! | C82: =C81 -> 46113 | D82: =INDIRECT("'" & UPPER(LEFT(TEXT($D$3,"mmmm"),3)) & "'!D25") -> 0
A83: =IF(MONTH(C83)=MONTH(D$3),RIGHT('Yearly Info'!A$29,LEN('Yearly Info'!A$29)-4),"") -> #VALUE! | C83: =C82 -> 46113 | D83: =INDIRECT("'" & UPPER(LEFT(TEXT($D$3,"mmmm"),3)) & "'!D26") -> 0
A84: =IF(MONTH(C84)=MONTH(D$3),RIGHT('Yearly Info'!A$30,LEN('Yearly Info'!A$30)-4),"") -> #VALUE! | C84: =C83 -> 46113 | D84: =INDIRECT("'" & UPPER(LEFT(TEXT($D$3,"mmmm"),3)) & "'!D27") -> 0
A85: =IF(MONTH(C85)=MONTH(D$3),RIGHT('Yearly Info'!A$31,LEN('Yearly Info'!A$31)-4),"") -> #VALUE! | C85: =C84 -> 46113 | D85: =INDIRECT("'" & UPPER(LEFT(TEXT($D$3,"mmmm"),3)) & "'!D28") -> 0
A86: =IF(MONTH(C86)=MONTH(D$3),RIGHT('Yearly Info'!A$32,LEN('Yearly Info'!A$32)-4),"") -> #VALUE! | C86: =C85 -> 46113 | D86: =INDIRECT("'" & UPPER(LEFT(TEXT($D$3,"mmmm"),3)) & "'!D29") -> 0
A87: =IF(MONTH(C87)=MONTH(D$3),RIGHT('Yearly Info'!A$33,LEN('Yearly Info'!A$33)-4),"") -> #VALUE! | C87: =C86 -> 46113 | D87: =INDIRECT("'" & UPPER(LEFT(TEXT($D$3,"mmmm"),3)) & "'!D30") -> 0
A88: =IF(MONTH(C88)=MONTH(D$3),RIGHT('Yearly Info'!A$34,LEN('Yearly Info'!A$34)-4),"") -> #VALUE! | C88: =C87 -> 46113 | D88: =INDIRECT("'" & UPPER(LEFT(TEXT($D$3,"mmmm"),3)) & "'!D31") -> 0
A89: =IF(MONTH(C89)=MONTH(D$3),RIGHT('Yearly Info'!A$35,LEN('Yearly Info'!A$35)-4),"") -> #VALUE! | C89: =C88 -> 46113 | D89: =INDIRECT("'" & UPPER(LEFT(TEXT($D$3,"mmmm"),3)) & "'!D32") -> 0
A90: =IF(MONTH(C90)=MONTH(D$3),RIGHT('Yearly Info'!A$36,LEN('Yearly Info'!A$36)-4),"") -> #VALUE! | C90: =C89 -> 46113 | D90: =INDIRECT("'" & UPPER(LEFT(TEXT($D$3,"mmmm"),3)) & "'!D33") -> 0
A91: =IF(MONTH(C91)=MONTH(D$3),RIGHT('Yearly Info'!A$37,LEN('Yearly Info'!A$37)-4),"") -> #VALUE! | C91: =C90 -> 46113 | D91: =INDIRECT("'" & UPPER(LEFT(TEXT($D$3,"mmmm"),3)) & "'!D34") -> 0
A92: =IF(MONTH(C92)=MONTH(D$3),RIGHT('Yearly Info'!A$38,LEN('Yearly Info'!A$38)-4),"") -> #VALUE! | C92: =C91 -> 46113 | D92: =INDIRECT("'" & UPPER(LEFT(TEXT($D$3,"mmmm"),3)) & "'!D35") -> 0
A93: =IF(MONTH(C93)=MONTH(D$3),RIGHT('Yearly Info'!A$39,LEN('Yearly Info'!A$39)-4),"") -> #VALUE! | C93: =C92 -> 46113 | D93: =INDIRECT("'" & UPPER(LEFT(TEXT($D$3,"mmmm"),3)) & "'!D36") -> 0
A94: =IF(MONTH(C94)=MONTH(D$3),RIGHT('Yearly Info'!A$40,LEN('Yearly Info'!A$40)-4),"") -> #VALUE! | C94: =C93 -> 46113 | D94: =INDIRECT("'" & UPPER(LEFT(TEXT($D$3,"mmmm"),3)) & "'!D37") -> 0
A95: =IF(MONTH(C95)=MONTH(D$3),RIGHT('Yearly Info'!A$41,LEN('Yearly Info'!A$41)-4),"") | C95: =C86 -> 46113 | D95: =INDIRECT("'" & UPPER(LEFT(TEXT($D$3,"mmmm"),3)) & "'!D38") -> 0
A96: =IF(MONTH(C96)=MONTH(D$3),RIGHT('Yearly Info'!A$42,LEN('Yearly Info'!A$42)-4),"") | C96: =C95 -> 46113 | D96: =INDIRECT("'" & UPPER(LEFT(TEXT($D$3,"mmmm"),3)) & "'!D39") -> 0
A97: =IF(MONTH(C97)=MONTH(D$3),RIGHT('Yearly Info'!A$43,LEN('Yearly Info'!A$43)-4),"") | C97: =C96 -> 46113 | D97: =INDIRECT("'" & UPPER(LEFT(TEXT($D$3,"mmmm"),3)) & "'!D40") -> 0
A98: =IF(MONTH(C98)=MONTH(D$3),RIGHT('Yearly Info'!A$14,LEN('Yearly Info'!A$14)-4),"") -> RICS Support for MDEQ | B98: =TEXT(C98,"dddd") -> Thursday | C98: =C68+1 -> 46114 | D98: 4 | E98: Support RICS Server Migration
A99: =IF(MONTH(C99)=MONTH(D$3),RIGHT('Yearly Info'!A$15,LEN('Yearly Info'!A$15)-4),"") -> MDEQ | C99: =C98 -> 46114 | D99: =INDIRECT("'" & UPPER(LEFT(TEXT($D$3,"mmmm"),3)) & "'!E12") -> 0
A100: =IF(MONTH(C100)=MONTH(D$3),RIGHT('Yearly Info'!A$16,LEN('Yearly Info'!A$16)-4),"") -> RICS Idea Portal | C100: =C99 -> 46114 | D100: =INDIRECT("'" & UPPER(LEFT(TEXT($D$3,"mmmm"),3)) & "'!E13") -> 0
A101: =IF(MONTH(C101)=MONTH(D$3),RIGHT('Yearly Info'!A$17,LEN('Yearly Info'!A$17)-4),"") -> MSWIS | C101: =C100 -> 46114 | D101: =INDIRECT("'" & UPPER(LEFT(TEXT($D$3,"mmmm"),3)) & "'!E14") -> 3 | E101: Axosoft Tickets
A102: =IF(MONTH(C102)=MONTH(D$3),RIGHT('Yearly Info'!A$18,LEN('Yearly Info'!A$18)-4),"") -> GeoSpatial | C102: =C101 -> 46114 | D102: =INDIRECT("'" & UPPER(LEFT(TEXT($D$3,"mmmm"),3)) & "'!E15") -> 0
A103: =IF(MONTH(C103)=MONTH(D$3),RIGHT('Yearly Info'!A$19,LEN('Yearly Info'!A$19)-4),"") -> RICS Dashboard | C103: =C102 -> 46114 | D103: =INDIRECT("'" & UPPER(LEFT(TEXT($D$3,"mmmm"),3)) & "'!E16") -> 0
A104: =IF(MONTH(C104)=MONTH(D$3),RIGHT('Yearly Info'!A$20,LEN('Yearly Info'!A$20)-4),"") -> MDWFP NRIS | C104: =C103 -> 46114 | D104: =INDIRECT("'" & UPPER(LEFT(TEXT($D$3,"mmmm"),3)) & "'!E17") -> 0
...

Sheet MAY
B2: MONTHLY TIME RECORD
B3: Name: | D3: ='Yearly Info'!A45 -> Don Woods
B4: Month: | D4: ='Yearly Info'!D5 -> 46143 | J4: Year: | L4: ='Yearly Info'!B1 -> 2026
A6: Project No. & Description | B6: Day of the Month | AI6: Total Hours
B7: =IF(WEEKDAY(D$4,2)>5,D$4+8 - WEEKDAY(D$4,2),D$4-(WEEKDAY(D$4,2)-1)) -> 46139 | C7: =B7+1 -> 46140 | D7: =C7+1 -> 46141 | E7: =D7+1 -> 46142 | F7: =E7+1 -> 46143 | G7: =F7+1 -> 46144 | H7: =G7+1 -> 46145 | I7: =H7+1 -> 46146 | J7: =I7+1 -> 46147 | ... AH7: =AG7+1 -> 46171 | AI7: Hours
B8: =HYPERLINK("#'"&UPPER(LEFT(TEXT($D$4,"mmmm"),3))&"-DEQ'!E8",TEXT(WEEKDAY(B7),"ddd")) -> Mon | C8: =HYPERLINK("#'"&UPPER(LEFT(TEXT($D$4,"mmmm"),3))&"-DEQ'!E15",TEXT(WEEKDAY(C7),"ddd")) -> Tue | D8: =HYPERLINK("#'"&UPPER(LEFT(TEXT($D$4,"mmmm"),3))&"-DEQ'!E22",TEXT(WEEKDAY(D7),"ddd")) -> Wed | E8: =HYPERLINK("#'"&UPPER(LEFT(TEXT($D$4,"mmmm"),3))&"-DEQ'!E29",TEXT(WEEKDAY(E7),"ddd")) -> Thu | F8: =HYPERLINK("#'"&UPPER(LEFT(TEXT($D$4,"mmmm"),3))&"-DEQ'!E36",TEXT(WEEKDAY(F7),"ddd")) -> Fri | G8: =LEFT(TEXT(WEEKDAY(G7),"ddd"),1) -> S | H8: =LEFT(TEXT(WEEKDAY(H7),"ddd"),1) -> S | I8: =HYPERLINK("#'"&UPPER(LEFT(TEXT($D$4,"mmmm"),3))&"-DEQ'!E43",TEXT(WEEKDAY(I7),"ddd")) -> Mon | J8: =HYPERLINK("#'"&UPPER(LEFT(TEXT($D$4,"mmmm"),3))&"-DEQ'!E50",TEXT(WEEKDAY(J7),"ddd")) -> Tue | K8: =HYPERLINK("#'"&UPPER(LEFT(TEXT($D$4,"mmmm"),3))&"-DEQ'!E57",TEXT(WEEKDAY(K7),"ddd")) -> Wed | L8: =HYPERLINK("#'"&UPPER(LEFT(TEXT($D$4,"mmmm"),3))&"-DEQ'!E64",TEXT(WEEKDAY(L7),"ddd")) -> Thu | M8: =HYPERLINK("#'"&UPPER(LEFT(TEXT($D$4,"mmmm"),3))&"-DEQ'!E71",TEXT(WEEKDAY(M7),"ddd")) -> Fri | N8: =LEFT(TEXT(WEEKDAY(N7),"ddd"),1) -> S | O8: =LEFT(TEXT(WEEKDAY(O7),"ddd"),1) -> S | P8: =HYPERLINK("#'"&UPPER(LEFT(TEXT($D$4,"mmmm"),3))&"-DEQ'!E78",TEXT(WEEKDAY(P7),"ddd")) -> Mon | Q8: =HYPERLINK("#'"&UPPER(LEFT(TEXT($D$4,"mmmm"),3))&"-DEQ'!E85",TEXT(WEEKDAY(Q7),"ddd")) -> Tue | R8: =HYPERLINK("#'"&UPPER(LEFT(TEXT($D$4,"mmmm"),3))&"-DEQ'!E92",TEXT(WEEKDAY(R7),"ddd")) -> Wed | S8: =HYPERLINK("#'"&UPPER(LEFT(TEXT($D$4,"mmmm"),3))&"-DEQ'!E99",TEXT(WEEKDAY(S7),"ddd")) -> Thu | T8: =HYPERLINK("#'"&UPPER(LEFT(TEXT($D$4,"mmmm"),3))&"-DEQ'!E106",TEXT(WEEKDAY(T7),"ddd")) -> Fri | U8: =LEFT(TEXT(WEEKDAY(U7),"ddd"),1) -> S | V8: =LEFT(TEXT(WEEKDAY(V7),"ddd"),1) -> S | W8: =HYPERLINK("#'"&UPPER(LEFT(TEXT($D$4,"mmmm"),3))&"-DEQ'!E113",TEXT(WEEKDAY(W7),"ddd")) -> Mon | X8: =HYPERLINK("#'"&UPPER(LEFT(TEXT($D$4,"mmmm"),3))&"-DEQ'!E120",TEXT(WEEKDAY(X7),"ddd")) -> Tue | Y8: =HYPERLINK("#'"&UPPER(LEFT(TEXT($D$4,"mmmm"),3))&"-DEQ'!E127",TEXT(WEEKDAY(Y7),"ddd")) -> Wed | Z8: =HYPERLINK("#'"&UPPER(LEFT(TEXT($D$4,"mmmm"),3))&"-DEQ'!E134",TEXT(WEEKDAY(Z7),"ddd")) -> Thu | AA8: =HYPERLINK("#'"&UPPER(LEFT(TEXT($D$4,"mmmm"),3))&"-DEQ'!E141",TEXT(WEEKDAY(AA7),"ddd")) -> Fri | AB8: =LEFT(TEXT(WEEKDAY(AB7),"ddd"),1) -> S | AC8: =LEFT(TEXT(WEEKDAY(AC7),"ddd"),1) -> S | AD8: =HYPERLINK("#'"&UPPER(LEFT(TEXT($D$4,"mmmm"),3))&"-DEQ'!E149",TEXT(WEEKDAY(AD7),"ddd")) -> Mon | AE8: =HYPERLINK("#'"&UPPER(LEFT(TEXT($D$4,"mmmm"),3))&"-DEQ'!E155",TEXT(WEEKDAY(AE7),"ddd")) -> Tue | AF8: =HYPERLINK("#'"&UPPER(LEFT(TEXT($D$4,"mmmm"),3))&"-DEQ'!E162",TEXT(WEEKDAY(AF7),"ddd")) -> Wed | AG8: =HYPERLINK("#'"&UPPER(LEFT(TEXT($D$4,"mmmm"),3))&"-DEQ'!E169",TEXT(WEEKDAY(AG7),"ddd")) -> Thu | AH8: =HYPERLINK("#'"&UPPER(LEFT(TEXT($D$4,"mmmm"),3))&"-DEQ'!E176",TEXT(WEEKDAY(AH7),"ddd")) -> Fri
A9: Hours
A10: ='Yearly Info'!A13 -> Enter Job #s on Yearly Info Tab
A11: ='Yearly Info'!A14 -> RICS Support for MDEQ | J11: 4 | K11: 8 | L11: 4 | Z11: 8 | AI11: =SUM(B11:AH11) -> 24
A12: ='Yearly Info'!A15 -> MDEQ | AI12: =SUM(B12:AH12) -> 0
A13: ='Yearly Info'!A16 -> RICS Idea Portal | J13: 4 | AI13: =SUM(B13:AH13) -> 4
A14: ='Yearly Info'!A17 -> MSWIS | P14: 4 | Q14: 4 | S14: 2 | W14: 2 | AE14: 9 | AF14: 5 | AG14: 5 | AI14: =SUM(B14:AH14) -> 31
A15: ='Yearly Info'!A18 -> GeoSpatial | AI15: =SUM(B15:AH15) -> 0
A16: ='Yearly Info'!A19 -> RICS Dashboard | AI16: =SUM(B16:AH16) -> 0
A17: ='Yearly Info'!A20 -> MDWFP NRIS | M17: 4 | T17: 5 | W17: 7 | X17: 10 | Y17: 8 | AF17: 5 | AG17: 3 | AH17: 12 | AI17: =SUM(B17:AH17) -> 54
A18: ='Yearly Info'!A21 -> MSWIS MRVA 4 CLOSED | I18: 3 | L18: 4 | S18: 6 | AI18: =SUM(B18:AH18) -> 13
A19: ='Yearly Info'!A22 -> Tackett | F19: 8 | I19: 5 | M19: 4 | P19: 10 | Q19: 4 | R19: 8 | AI19: =SUM(B19:AH19) -> 39
A20: ='Yearly Info'!A23 -> 0 | AI20: =SUM(B20:AH20) -> 0
A21: ='Yearly Info'!A24 -> 0 | AI21: =SUM(B21:AH21) -> 0
A22: ='Yearly Info'!A25 -> 0 | AI22: =SUM(B22:AH22) -> 0
A23: ='Yearly Info'!A26 -> 0 | AI23: =SUM(B23:AH23) -> 0
A24: ='Yearly Info'!A27 -> 0 | AI24: =SUM(B24:AH24) -> 0
A25: ='Yearly Info'!A28 -> 0 | AI25: =SUM(B25:AH25) -> 0
A26: ='Yearly Info'!A29 -> 0 | AI26: =SUM(B26:AH26) -> 0
A27: ='Yearly Info'!A30 -> 0 | AI27: =SUM(B27:AH27) -> 0
A28: ='Yearly Info'!A31 -> 0 | AI28: =SUM(B28:AH28) -> 0
A29: ='Yearly Info'!A32 -> 0 | AI29: =SUM(B29:AH29) -> 0
A30: ='Yearly Info'!A33 -> 0 | AI30: =SUM(B30:AH30) -> 0
A31: ='Yearly Info'!A34 -> 0 | AI31: =SUM(B31:AH31) -> 0
... A40: ='Yearly Info'!A43 | AI40: =SUM(B40:AH40) -> 0
AI41: =SUM(B41:AH41) -> 0
A42: Total | B42: =SUM(B9:B40) -> 0 | C42: =SUM(C9:C40) -> 0 | D42: =SUM(D9:D40) -> 0 | E42: =SUM(E9:E40) -> 0 | F42: =SUM(F9:F40) -> 8 | G42: =SUM(G9:G40) -> 0 | H42: =SUM(H9:H40) -> 0 | I42: =SUM(I9:I40) -> 8 | ... AE42: =SUM(AE9:AE40) -> 9 | AF42: =SUM(AF9:AF41) -> 10 | AG42: =SUM(AG9:AG40) -> 8 | AH42: =SUM(AH9:AH40) -> 12 | AI42: =SUM(AI11:AI41) -> 165
A43: Leave - Holiday | B43: =IF(B7<$D$4,0, IF(B7='Yearly Info'!$C2, 8, IF(B7='Yearly Info'!$C3, 8, IF(B7='Yearly Info'!$C4, 8, IF(B7='Yearly Info'!$C5, 8, IF(B7='Yearly Info'!$C6, 8, IF(B7='Yearly Info'!$C7, 8, IF(B7='Yearly Info'!$C8, 8, IF(B7='Yearly Info'!$C9, 8, IF(B7='Yearly Info'!$C10, 8, IF(B7='Yearly Info'!$C11,8,0))))))))))) -> 0 | C43: =IF(C7<$D$4,0, IF(C7='Yearly Info'!$C2, 8, IF(C7='Yearly Info'!$C3, 8, IF(C7='Yearly Info'!$C4, 8, IF(C7='Yearly Info'!$C5, 8, IF(C7='Yearly Info'!$C6, 8, IF(C7='Yearly Info'!$C7, 8, IF(C7='Yearly Info'!$C8, 8, IF(C7='Yearly Info'!$C9, 8, IF(C7='Yearly Info'!$C10, 8, IF(C7='Yearly Info'!$C11,8,0))))))))))) -> 0 | D43: =IF(D7<$D$4,0, IF(D7='Yearly Info'!$C2, 8, IF(D7='Yearly Info'!$C3, 8, IF(D7='Yearly Info'!$C4, 8, IF(D7='Yearly Info'!$C5, 8, IF(D7='Yearly Info'!$C6, 8, IF(D7='Yearly Info'!$C7, 8, IF(D7='Yearly Info'!$C8, 8, IF(D7='Yearly Info'!$C9, 8, IF(D7='Yearly Info'!$C10, 8, IF(D7='Yearly Info'!$C11,8,0))))))))))) -> 0 | E43: =IF(E7<$D$4,0, IF(E7='Yearly Info'!$C2, 8, IF(E7='Yearly Info'!$C3, 8, IF(E7='Yearly Info'!$C4, 8, IF(E7='Yearly Info'!$C5, 8, IF(E7='Yearly Info'!$C6, 8, IF(E7='Yearly Info'!$C7, 8, IF(E7='Yearly Info'!$C8, 8, IF(E7='Yearly Info'!$C9, 8, IF(E7='Yearly Info'!$C10, 8, IF(E7='Yearly Info'!$C11,8,0))))))))))) -> 0 | F43: =IF(F7<$D$4,0, IF(F7='Yearly Info'!$C2, 8, IF(F7='Yearly Info'!$C3, 8, IF(F7='Yearly Info'!$C4, 8, IF(F7='Yearly Info'!$C5, 8, IF(F7='Yearly Info'!$C6, 8, IF(F7='Yearly Info'!$C7, 8, IF(F7='Yearly Info'!$C8, 8, IF(F7='Yearly Info'!$C9, 8, IF(F7='Yearly Info'!$C10, 8, IF(F7='Yearly Info'!$C11,8,0))))))))))) -> 0 | G43: =IF(G7='Yearly Info'!$C2, 8, IF(G7='Yearly Info'!$C3, 8, IF(G7='Yearly Info'!$C4, 8, IF(G7='Yearly Info'!$C5, 8, IF(G7='Yearly Info'!$C6, 8, IF(G7='Yearly Info'!$C7, 8, IF(G7='Yearly Info'!$C8, 8, IF(G7='Yearly Info'!$C9, 8, IF(G7='Yearly Info'!$C10, 8, IF(G7='Yearly Info'!$C11,8,0)))))))))) -> 0 | H43: =IF(H7='Yearly Info'!$C2, 8, IF(H7='Yearly Info'!$C3, 8, IF(H7='Yearly Info'!$C4, 8, IF(H7='Yearly Info'!$C5, 8, IF(H7='Yearly Info'!$C6, 8, IF(H7='Yearly Info'!$C7, 8, IF(H7='Yearly Info'!$C8, 8, IF(H7='Yearly Info'!$C9, 8, IF(H7='Yearly Info'!$C10, 8, IF(H7='Yearly Info'!$C11,8,0)))))))))) -> 0 | I43: =IF(I7='Yearly Info'!$C2, 8, IF(I7='Yearly Info'!$C3, 8, IF(I7='Yearly Info'!$C4, 8, IF(I7='Yearly Info'!$C5, 8, IF(I7='Yearly Info'!$C6, 8, IF(I7='Yearly Info'!$C7, 8, IF(I7='Yearly Info'!$C8, 8, IF(I7='Yearly Info'!$C9, 8, IF(I7='Yearly Info'!$C10, 8, IF(I7='Yearly Info'!$C11,8,0)))))))))) -> 0 | J43: =IF(J7='Yearly Info'!$C2, 8, IF(J7='Yearly Info'!$C3, 8, IF(J7='Yearly Info'!$C4, 8, IF(J7='Yearly Info'!$C5, 8, IF(J7='Yearly Info'!$C6, 8, IF(J7='Yearly Info'!$C7, 8, IF(J7='Yearly Info'!$C8, 8, IF(J7='Yearly Info'!$C9, 8, IF(J7='Yearly Info'!$C10, 8, IF(J7='Yearly Info'!$C11,8,0)))))))))) -> 0 | K43: =IF(K7='Yearly Info'!$C2, 8, IF(K7='Yearly Info'!$C3, 8, IF(K7='Yearly Info'!$C4, 8, IF(K7='Yearly Info'!$C5, 8, IF(K7='Yearly Info'!$C6, 8, IF(K7='Yearly Info'!$C7, 8, IF(K7='Yearly Info'!$C8, 8, IF(K7='Yearly Info'!$C9, 8, IF(K7='Yearly Info'!$C10, 8, IF(K7='Yearly Info'!$C11,8,0)))))))))) -> 0 | L43: =IF(L7='Yearly Info'!$C2, 8, IF(L7='Yearly Info'!$C3, 8, IF(L7='Yearly Info'!$C4, 8, IF(L7='Yearly Info'!$C5, 8, IF(L7='Yearly Info'!$C6, 8, IF(L7='Yearly Info'!$C7, 8, IF(L7='Yearly Info'!$C8, 8, IF(L7='Yearly Info'!$C9, 8, IF(L7='Yearly Info'!$C10, 8, IF(L7='Yearly Info'!$C11,8,0)))))))))) -> 0 | M43: =IF(M7='Yearly Info'!$C2, 8, IF(M7='Yearly Info'!$C3, 8, IF(M7='Yearly Info'!$C4, 8, IF(M7='Yearly Info'!$C5, 8, IF(M7='Yearly Info'!$C6, 8, IF(M7='Yearly Info'!$C7, 8, IF(M7='Yearly Info'!$C8, 8, IF(M7='Yearly Info'!$C9, 8, IF(M7='Yearly Info'!$C10, 8, IF(M7='Yearly Info'!$C11,8,0)))))))))) -> 0 | N43: =IF(N7='Yearly Info'!$C2, 8, IF(N7='Yearly Info'!$C3, 8, IF(N7='Yearly Info'!$C4, 8, IF(N7='Yearly Info'!$C5, 8, IF(N7='Yearly Info'!$C6, 8, IF(N7='Yearly Info'!$C7, 8, IF(N7='Yearly Info'!$C8, 8, IF(N7='Yearly Info'!$C9, 8, IF(N7='Yearly Info'!$C10, 8, IF(N7='Yearly Info'!$C11,8,0)))))))))) -> 0 | ... AA43: =IF(AA7='Yearly Info'!$C2, 8, IF(AA7='Yearly Info'!$C3, 8, IF(AA7='Yearly Info'!$C4, 8, IF(AA7='Yearly Info'!$C5, 8, IF(AA7='Yearly Info'!$C6, 8, IF(AA7='Yearly Info'!$C7, 8, IF(AA7='Yearly Info'!$C8, 8, IF(AA7='Yearly Info'!$C9, 8, IF(AA7='Yearly Info'!$C10, 8, IF(AA7='Yearly Info'!$C11,8,0)))))))))) -> 0 | AB43: =IF(AB7>EOMONTH($D$4,0),0, IF(AB7='Yearly Info'!$C2, 8, IF(AB7='Yearly Info'!$C3, 8, IF(AB7='Yearly Info'!$C4, 8, IF(AB7='Yearly Info'!$C5, 8, IF(AB7='Yearly Info'!$C6, 8, IF(AB7='Yearly Info'!$C7, 8, IF(AB7='Yearly Info'!$C8, 8, IF(AB7='Yearly Info'!$C9, 8, IF(AB7='Yearly Info'!$C10, 8, IF(AB7='Yearly Info'!$C11,8,0))))))))))) -> 0 | AC43: =IF(AC7>EOMONTH($D$4,0),0, IF(AC7='Yearly Info'!$C2, 8, IF(AC7='Yearly Info'!$C3, 8, IF(AC7='Yearly Info'!$C4, 8, IF(AC7='Yearly Info'!$C5, 8, IF(AC7='Yearly Info'!$C6, 8, IF(AC7='Yearly Info'!$C7, 8, IF(AC7='Yearly Info'!$C8, 8, IF(AC7='Yearly Info'!$C9, 8, IF(AC7='Yearly Info'!$C10, 8, IF(AC7='Yearly Info'!$C11,8,0))))))))))) -> 0 | AD43: 8 | AE43: =IF(AE7>EOMONTH($D$4,0),0, IF(AE7='Yearly Info'!$C2, 8, IF(AE7='Yearly Info'!$C3, 8, IF(AE7='Yearly Info'!$C4, 8, IF(AE7='Yearly Info'!$C5, 8, IF(AE7='Yearly Info'!$C6, 8, IF(AE7='Yearly Info'!$C7, 8, IF(AE7='Yearly Info'!$C8, 8, IF(AE7='Yearly Info'!$C9, 8, IF(AE7='Yearly Info'!$C10, 8, IF(AE7='Yearly Info'!$C11,8,0))))))))))) -> 0 | AF43: =IF(AF7>EOMONTH($D$4,0),0, IF(AF7='Yearly Info'!$C2, 8, IF(AF7='Yearly Info'!$C3, 8, IF(AF7='Yearly Info'!$C4, 8, IF(AF7='Yearly Info'!$C5, 8, IF(AF7='Yearly Info'!$C6, 8, IF(AF7='Yearly Info'!$C7, 8, IF(AF7='Yearly Info'!$C8, 8, IF(AF7='Yearly Info'!$C9, 8, IF(AF7='Yearly Info'!$C10, 8, IF(AF7='Yearly Info'!$C11,8,0))))))))))) -> 0 | AG43: =IF(AG7>EOMONTH($D$4,0),0, IF(AG7='Yearly Info'!$C2, 8, IF(AG7='Yearly Info'!$C3, 8, IF(AG7='Yearly Info'!$C4, 8, IF(AG7='Yearly Info'!$C5, 8, IF(AG7='Yearly Info'!$C6, 8, IF(AG7='Yearly Info'!$C7, 8, IF(AG7='Yearly Info'!$C8, 8, IF(AG7='Yearly Info'!$C9, 8, IF(AG7='Yearly Info'!$C10, 8, IF(AG7='Yearly Info'!$C11,8,0))))))))))) -> 0 | AH43: =IF(AH7>EOMONTH($D$4,0),0, IF(AH7='Yearly Info'!$C2, 8, IF(AH7='Yearly Info'!$C3, 8, IF(AH7='Yearly Info'!$C4, 8, IF(AH7='Yearly Info'!$C5, 8, IF(AH7='Yearly Info'!$C6, 8, IF(AH7='Yearly Info'!$C7, 8, IF(AH7='Yearly Info'!$C8, 8, IF(AH7='Yearly Info'!$C9, 8, IF(AH7='Yearly Info'!$C10, 8, IF(AH7='Yearly Info'!$C11,8,0))))))))))) -> 0 | AI43: =SUM(B43:AH43) -> 8
B44: Leave - Personal | AI44: =IF(SUM(B48:AH48)-AI42-AI43>0,SUM(B48:AH48)-AI42-AI43,0) -> 0
B45: Extended Work Week (Extra Hours) | AI45: =IF(SUM(B48:AH48)-AI42-AI43<0,(SUM(B48:AH48)-AI42-AI43)*-1,0) -> 5
A46: Daily Total | B46: =SUM(B45,B43,B42) -> 0 | C46: =SUM(C45,C43,C42) -> 0 | D46: =SUM(D45,D43,D42) -> 0 | E46: =SUM(E45,E43,E42) -> 0 | F46: =SUM(F45,F43,F42) -> 8 | G46: =SUM(G45,G43,G42) -> 0 | H46: =SUM(H45,H43,H42) -> 0 | I46: =SUM(I45,I43,I42) -> 8 | ... AH46: =SUM(AH45,AH43,AH42) -> 12 | AI46: =SUM(B46:AH46) -> 173
